CountryName,CountryCode,EN.POP.DNST,EN.POP.SLUM.UR.ZS,EN.URB.LCTY.UR.ZS,EN.URB.MCTY,EN.URB.MCTY.TL.ZS,GB.XPD.RSDV.GD.ZS,IP.JRN.ARTC.SC,NY.GDP.MKTP.KN,NY.GDP.PCAP.KN,NY.GNP.MKTP.KN,NY.GNP.PCAP.KN,SH.MED.BEDS.ZS,SH.MED.CMHW.P3,SH.MED.NUMW.P3,SH.XPD.CHEX.GD.ZS,SH.XPD.CHEX.PC.CD,SI.DST.10TH.10,SI.DST.50MD,SI.POV.GINI,SL.UEM.TOTL.NE.ZS,SP.RUR.TOTL.ZG,SP.RUR.TOTL.ZS,SP.URB.GROW,SP.URB.TOTL,SP.URB.TOTL.IN.ZS
Afghanistan,AFG,..,..,41.9915827598149,4114030,10.8145118650418,..,..,530486628400,13944.8519750167,..,..,..,..,..,..,..,..,..,..,..,1.96358574692554,74.246,3.32257193526388,9797273,25.754
Albania,ALB,..,..,27.7309419298429,..,..,..,..,1545384540000,541443.981849848,..,..,..,..,..,..,..,..,..,..,11.4654998779297,-2.74606661163753,38.771,1.07141354924368,1747593,61.229
Algeria,DZA,..,..,8.66174655110584,2729325,6.3394457452426,..,..,6172554003832.28,143370.874545445,..,..,..,..,..,..,..,..,..,..,..,-0.13323063442144,26.811,2.70203471945637,31510100,73.189
American Samoa,ASM,..,..,..,..,..,..,..,..,..,..,..,..,..,..,..,..,..,..,..,..,-0.238848023629824,12.853,-0.281742847595643,48203,87.147
Andorra,AND,..,..,..,..,..,..,..,2670100000,34612.7919939851,..,..,..,..,..,..,..,..,..,..,..,0.82331740120781,12.016,0.0884394910466288,67873,87.984
Angola,AGO,..,..,38.1972624789154,8044735,25.2778018239894,..,..,1541314343900,48430.4809711897,..,..,..,..,..,..,..,..,..,..,..,1.30174248944402,33.823,4.24989375167502,21061025,66.177
Antigua and Barbuda,ATG,..,..,..,..,..,..,..,3680000000,37892.0488477934,..,..,..,..,..,..,..,..,..,..,..,0.982744907203783,75.494,0.484364430171381,23800,24.506
Arab World,ARB,..,..,28.9617821906143,..,23.6186765487752,..,..,..,..,..,..,..,..,..,..,..,..,..,..,..,1.23924570218831,40.7983531267269,2.40249077466459,253306246,59.2016468732731
Argentina,ARG,..,..,36.4233895896017,19280518,42.9040289361208,..,..,692030440800,15399.4275759394,664349047045.31,14783.4465537265,..,..,..,..,..,..,..,..,9.84270000457764,-0.506115918707072,8.009,1.12501972603644,41339571,91.991
Armenia,ARM,..,..,57.9364205004899,1083323,36.6268264422965,..,..,5745286629844.02,1942464.21660524,5836259386470.9,1973221.83338204,..,..,..,..,..,..,..,..,..,0.0113989342119917,36.781,0.312330774687418,1869848,63.219
Aruba,ABW,..,..,..,..,..,..,..,..,..,..,..,..,..,..,..,..,..,..,..,..,0.203475836573019,56.454,0.752364161685261,46295,43.546
Australia,AUS,..,..,22.2954561726393,15446689,60.8993141425074,..,..,1884969000000,74315.809219625,1821801875072.52,71825.4149452032,..,..,..,..,..,..,..,..,5.15999984741211,0.712080018000703,13.876,1.64611338329492,21844756,86.124
Austria,AUT,..,..,36.8730190265855,1915338,21.5762481008648,..,..,374806300000,42221.862243464,..,..,..,..,..,..,..,..,..,..,4.48659992218018,-0.111569277673471,41.485,0.785785110896997,5194416,58.515
Azerbaijan,AZE,..,..,41.187144608465,2313138,23.0775677275728,..,..,29831200000,2976.18014314222,..,..,..,..,..,..,..,..,..,..,4.84999990463257,0.0418952262364991,43.969,1.46543234640437,5616165,56.031
"Bahamas, The",BHS,..,..,..,..,..,..,..,10957000000,28132.2371765576,..,..,..,..,..,..,..,..,..,..,..,0.359866201113933,16.868,1.1199535660538,323784,83.132
Bahrain,BHR,..,..,40.9262706451941,..,..,..,..,12905050000,7863.31353447414,..,..,..,..,..,..,..,..,..,..,..,3.4656022127044,10.606,4.58898523928097,1467109,89.394
Bangladesh,BGD,..,..,33.2585851274862,25198185,15.4546325074161,..,..,11057935000000,67820.8853994422,11558019014094.5,70888.0168855644,..,..,..,..,..,..,..,..,..,-0.185359486879007,62.595,3.13022325837582,60987417,37.405
Barbados,BRB,..,..,..,..,..,..,..,9242106500,32199.6568243184,..,..,..,..,..,..,..,..,..,..,..,0.117988138917267,68.842,0.168987959257271,89431,31.158
Belarus,BLR,..,..,26.9501784181761,2016677,21.3025000063379,..,..,80863600000,8541.75874228994,78359021419.9729,8277.1958736853,..,..,..,..,..,..,..,..,4.15999984741211,-2.29562150603022,20.956,0.394014169403689,7482982,79.044
Belgium,BEL,..,..,18.3432716805864,3102595,27.0165459848459,..,..,443464600000,38615.6806110734,..,..,..,..,..,..,..,..,..,..,5.35970020294189,-1.52362894515721,1.959,0.538391035625715,11259082,98.041
Belize,BLZ,..,..,..,..,..,..,..,2821200000,7227.30451668106,2581419533.8011,6613.03879770642,..,..,..,..,..,..,..,..,..,1.62110269548285,54.134,2.19323630081718,179039,45.866
Benin,BEN,..,..,17.5455711242745,..,..,..,..,8383267995280.74,710377.148405333,8298867873046.87,703225.293282568,..,..,..,..,..,..,..,..,..,1.66765525730016,52.139,3.86880716369073,5648149,47.861
Bermuda,BMU,..,..,..,..,..,..,..,..,..,..,..,..,..,..,..,..,..,..,..,..,..,0,-0.00312896009037334,63918,100
Bhutan,BTN,..,..,..,..,..,..,..,..,..,..,..,..,..,..,..,..,..,..,..,..,-0.0742619551560469,58.388,2.88464798707538,317538,41.612
Bolivia,BOL,..,..,22.847591227973,4782916,41.5432507317751,..,..,49256933000,4278.33798021384,48305056039.8806,4195.66025135546,..,..,..,..,..,..,..,..,3.82170009613037,0.254399034213555,30.227,1.8991012068987,8033035,69.773
Bosnia and Herzegovina,BIH,..,..,21.3527882856616,..,..,..,..,32038751900,9705.77155407452,31985907483.121,9689.76294550771,..,..,..,..,..,..,..,..,15.692099571228,-1.43104848220828,51.374,0.0943662665149465,1605144,48.626
Botswana,BWA,..,..,..,..,..,..,..,99396300000,43146.4294132431,91588826657.1075,39757.3234054251,..,..,..,..,..,..,..,..,..,-0.229527099262265,29.828,3.21528663402126,1616550,70.172
Brazil,BRA,..,..,11.9222393342352,88861474,42.1045596562744,..,..,4129260999000,19565.3648586476,4019619441710.7,19045.8585662251,..,..,..,..,..,..,..,..,11.9333000183105,-1.16529750939347,13.176,1.04567791983391,183241641,86.824
British Virgin Islands,VGB,..,..,..,..,..,..,..,..,..,..,..,..,..,..,..,..,..,..,..,..,0.00641827926153038,51.884,1.5835146550148,14449,48.116
Brunei Darussalam,BRN,..,..,..,..,..,..,..,19098517088.5668,44078.4174124809,19606761158.1451,45251.4191770892,..,..,..,..,..,..,..,..,6.92309999465942,-0.406188396852031,22.058,1.40510131779945,337711,77.942
Bulgaria,BGR,..,..,24.2947191861838,1276937,18.3053433166647,..,..,102286441000,14663.1229194922,..,..,..,..,..,..,..,..,..,..,4.22989988327026,-2.06963013685506,24.653,-0.252969936337171,5256027,75.347
Burkina Faso,BFA,..,..,43.5418259853465,2652720,13.0538391638599,..,..,8883249066000,437138.124491361,8647766054792.12,425550.179460867,..,..,..,..,..,..,..,..,..,1.95983067504172,70.02,4.94075550766313,6092349,29.98
Burundi,BDI,..,..,61.9282535360961,..,..,..,..,1780241408900,154393.049517023,1785169751844.6,154820.464525167,..,..,..,..,..,..,..,..,..,2.7441789919999,86.634,5.65959386642583,1541177,13.366
Cabo Verde,CPV,..,..,..,..,..,..,..,168264857000,305972.263994836,164629327475.136,299361.42903277,..,..,..,..,..,..,..,..,11.289999961853,-0.232105927264574,33.805,1.82967937813072,364029,66.195
Cambodia,KHM,..,..,51.3174393145223,2014015,12.216115423113,..,..,56578089165018.6,3431774.18072381,54299858111646.8,3293586.86082544,..,..,..,..,..,..,..,..,..,0.900610040354835,76.195,3.21363596690851,3924621,23.805
Cameroon,CMR,..,..,25.9301174879535,7358544,28.4373007352651,..,..,16917256000000,653772.127322292,16579728979660.4,640728.300467854,..,..,..,..,..,..,..,..,..,1.21331667942851,43.032,3.63241391002886,14741256,56.968
Canada,CAN,..,..,20.0447544217177,17211244,45.7876613805294,..,..,2150922843400,57221.7364469672,2128632077738.84,56628.7275802019,..,..,..,..,..,..,..,..,5.66260004043579,1.04137943539227,18.518,1.51122380323366,30628482,81.482
Caribbean small states,CSS,..,..,..,..,..,..,..,..,..,..,..,..,..,..,..,..,..,..,..,..,0.224630996181531,48.6299609466125,0.911660087129107,3802091,51.3700390533875
Cayman Islands,CYM,..,..,..,..,..,..,..,..,..,..,..,..,..,..,..,..,..,..,..,..,..,0,1.19888054809678,64948,100
Central African Republic,CAF,..,..,43.8734067113877,..,..,..,..,762655524800,160721.979185216,..,..,..,..,..,..,..,..,..,..,..,0.979914731078192,58.23,2.65151015111068,1982064,41.77
Central Europe and the Baltics,CEB,..,..,16.9775683526788,..,..,..,..,..,..,..,..,..,..,..,..,..,..,..,..,3.77751285103249,-0.431732643146603,37.5616437014329,0.0129796966784426,63923503,62.4383562985671
Chad,TCD,..,..,36.9456664420963,1371524,8.60058107932864,..,..,5405530857900,338971.147571474,5332150965354.12,334369.626085643,..,..,..,..,..,..,..,..,..,2.69960000408195,76.721,3.93547101211201,3712273,23.279
Channel Islands,CHI,..,..,..,..,..,..,..,..,..,..,..,..,..,..,..,..,..,..,..,..,1.00267344509658,69.069,1.08125481417656,53281,30.931
Chile,CHL,..,..,40.4783946668706,6723516,35.4764801547992,..,..,155189982580250,8188564.34227549,148905365631857,7856957.94995015,..,..,..,..,..,..,..,..,7.29029989242554,0.545701785003905,12.357,1.27315944447651,16610135,87.643
China,CHN,..,..,3.12208372024284,398976116,28.5448833274308,..,..,89163975472394.3,63792.6726638795,..,..,..,..,..,..,..,..,..,..,5.15000009536743,-2.5135292752365,39.692,2.29272726307481,842933962,60.308
Colombia,COL,..,..,26.4023716286714,22114342,43.9304463499924,..,..,881958408363332,17520225.8070939,853428874303118,16953482.6657323,..,..,..,..,..,..,..,..,9.96140003204346,-0.328816832244915,18.896,1.7844648552516,40827302,81.104
Comoros,COM,..,..,..,..,..,..,..,420279000000,493931.031889113,..,..,..,..,..,..,..,..,..,..,..,1.92539453630097,70.836,2.8904337060558,248152,29.164
"Congo, Dem. Rep.",COD,..,..,35.1529333970642,21141723,24.3594710010363,..,..,12660599711400,145875.296694398,12210146550835.5,140685.180116815,..,..,..,..,..,..,..,..,..,2.12638432891885,54.954,4.49651561246781,39095679,45.046
"Congo, Rep.",COG,..,..,63.6708864251409,3483589,64.7446114753477,..,..,1616420907100,300421.615784234,1377678239929.57,256049.845094472,..,..,..,..,..,..,..,..,..,1.17192276872432,32.627,3.24353303191283,3625010,67.373
Costa Rica,CRI,..,..,34.1065121842903,1378546,27.3111310591393,..,..,29093425696100,5763858.16755855,27327212200161.1,5413943.92265118,..,..,..,..,..,..,..,..,11.4905996322632,-2.66959054977993,19.924,1.88129554144115,4041885,80.076
Cote d'Ivoire,CIV,..,..,38.3895301626331,5058550,19.6704113896486,..,..,35565395593200,1382977.26137696,..,..,..,..,..,..,..,..,..,..,..,1.61038288280312,48.761,3.45114252538016,13176900,51.239
Croatia,HRV,..,..,29.4303870863001,..,..,..,..,383267000000,94226.6748617087,377323596226.023,92765.4815552606,..,..,..,..,..,..,..,..,6.61660003662109,-1.18642616132771,42.758,0.0177826573170661,2328318,57.242
Cuba,CUB,..,..,24.4694583617257,2138419,18.8681537705576,..,..,..,..,..,..,..,..,..,..,..,..,..,..,..,-0.355103611461465,22.891,0.0523529779214704,8739135,77.109
Curacao,CUW,..,..,..,..,..,..,..,..,..,..,..,..,..,..,..,..,..,..,..,..,-0.990709415385093,10.902,-1.47872164804435,140363,89.098
Cyprus,CYP,..,..,..,..,..,..,..,21345660000,24207.7687013265,20618030017.1409,23382.5752744096,..,..,..,..,..,..,..,..,7.07359981536865,0.794872615476084,33.195,0.772293677891933,800708,66.805
Czech Republic,CZE,..,..,16.4673299222178,1298804,12.1728155847549,..,..,5182840472600,485752.74851451,..,..,..,..,..,..,..,..,..,..,2.01430010795593,-0.11992577461695,26.079,0.548211578531677,7887156,73.921
Data from database: World Development Indicators,,,,,,,,,,,,,,,,,,,,,,,,,,
Denmark,DNK,..,..,26.0526119448169,1333888,22.924737473389,..,..,2248532653400,386441.89601779,..,..,..,..,..,..,..,..,..,..,5.0177001953125,-0.565409957152044,12.006,0.565622493351353,5119978,87.994
Djibouti,DJI,..,..,74.9857952485601,..,..,..,..,548245677200,563134.965692921,570161553918.735,585646.03508642,..,..,..,..,..,..,..,..,..,0.892295788346156,22.085,1.69244544694325,758549,77.915
Dominica,DMA,..,..,..,..,..,..,..,1225350000,17064.2546791444,..,..,..,..,..,..,..,..,..,..,..,-0.778731380705909,29.214,0.685008551469418,50830,70.786
Dominican Republic,DOM,..,..,36.9277978031232,3245021,30.2172799260412,..,..,2627484000000,244668.430587027,2508518777041.11,233590.519400589,..,..,..,..,..,..,..,..,6.35599994659424,-3.01901912504798,18.172,1.9721792780055,8787475,81.828
Early-demographic dividend,EAR,..,..,17.5481141024384,..,18.9590319738071,..,..,..,..,..,..,..,..,..,..,..,..,..,..,..,0.535487988716966,54.459203808892,2.21752275960803,1498424545,45.540796191108
East Asia & Pacific,EAS,..,..,11.5853315094411,..,..,..,..,..,..,..,..,..,..,..,..,..,..,..,..,4.2657497656916,-1.5127732363754,40.1134672629216,1.95750290864363,1401721126,59.8865327370784
East Asia & Pacific (IDA & IBRD countries),TEA,..,..,7.45596712618835,..,..,..,..,..,..,..,..,..,..,..,..,..,..,..,..,4.3991620251002,-1.55997354929055,43.4993977463626,2.29153458598471,1168423500,56.5006022536374
East Asia & Pacific (excluding high income),EAP,..,..,7.61419490150236,..,..,..,..,..,..,..,..,..,..,..,..,..,..,..,..,4.3991620251002,-1.54524930042764,43.4299963839384,2.27160878625922,1184392043,56.5700036160616
Ecuador,ECU,..,..,26.5020652241477,4793906,27.5929507549991,..,..,71909125000,4138.97340698812,69813935809.6635,4018.37769202966,..,..,..,..,..,..,..,..,3.81209993362427,1.22210244180587,36.014,1.93741624885834,11116711,63.986
"Egypt, Arab Rep.",EGY,..,..,47.7551497786824,25667415,25.5681917512253,..,..,3857500000000,38425.8795365063,..,..,..,..,..,..,..,..,..,..,..,1.93089493935691,57.27,2.03715101744526,42895824,42.73
El Salvador,SLV,..,..,23.5512711988961,1105662,17.1326089674943,..,..,25439130000,3941.87976762568,24196779075.2253,3749.37326387888,..,..,..,..,..,..,..,..,4.16989994049072,-2.10860530826869,27.254,1.50854111204229,4694702,72.746
Equatorial Guinea,GNQ,..,..,40.1500997144633,..,..,..,..,5075771581860.9,3743233.02885199,4101655240400.41,3024850.72884264,..,..,..,..,..,..,..,..,..,1.775764743096,27.373,4.1971901831636,984812,72.627
Eritrea,ERI,..,..,..,..,..,..,..,..,..,..,..,..,..,..,..,..,..,..,..,..,..,..,..,..,..
Estonia,EST,..,..,48.1778861689213,..,..,..,..,24653377900,18584.022116856,..,..,..,..,..,..,..,..,..,..,4.44820022583008,-0.202685098555857,30.949,0.5963002490004,916024,69.051
Eswatini,SWZ,..,..,..,..,..,..,..,42674175790.0717,37168.4180276377,..,..,..,..,..,..,..,..,..,..,..,0.806176738492247,76.019,1.80715336072229,275333,23.981
Ethiopia,ETH,..,..,19.3032030740633,4591983,4.09710477625862,..,..,1987157533000,17730.0147226865,1975467592208.39,17625.713569456,..,..,..,..,..,..,..,..,..,1.9947962549253,78.775,4.78027987137827,23788710,21.225
Euro area,EMU,..,..,15.7047998881049,..,19.5382384676985,..,..,..,..,..,..,..,..,..,..,..,..,..,..,7.56056748297264,-0.763578879761027,22.7823142790352,0.514878739995368,264546016,77.2176857209648
Europe & Central Asia,ECS,..,..,16.8460625484199,..,20.608857747612,..,..,..,..,..,..,..,..,..,..,..,..,..,..,6.68058545085595,-0.366935565335126,27.590851241082,0.628006627702689,665690502,72.409148758918
Europe & Central Asia (IDA & IBRD countries),TEC,..,..,17.3425753844153,..,20.9027799110118,..,..,..,..,..,..,..,..,..,..,..,..,..,..,6.79163974728594,-0.112361688187036,33.4979122177527,0.661204662443964,305248079,66.5020877822473
Europe & Central Asia (excluding high income),ECA,..,..,18.0480535581212,..,23.2066899624984,..,..,..,..,..,..,..,..,..,..,..,..,..,..,7.35843760862209,-0.0692083273742981,32.1812419709413,0.770174284305568,269654394,67.8187580290587
European Union,EUU,..,..,15.8800667120736,..,17.4720970223317,..,..,..,..,..,..,..,..,..,..,..,..,..,..,6.70548653437733,-0.678934632123202,25.2704786784899,0.452790527499602,334423609,74.7295213215101
Faroe Islands,FRO,..,..,..,..,..,..,..,..,..,..,..,..,..,..,..,..,..,..,..,..,0.0960495262472702,57.775,0.752066835271066,20554,42.225
Fiji,FJI,..,..,..,..,..,..,..,10848780000,12190.2842060199,..,..,..,..,..,..,..,..,..,..,..,-0.424139201591551,43.25,1.61801551779692,505048,56.75
Finland,FIN,..,..,27.3958593038461,1292232,23.4086684199486,..,..,229723382200,41614.1875625191,229204851399.867,41520.2561665636,..,..,..,..,..,..,..,..,6.69469976425171,-0.351994697730082,14.554,0.161720287217457,4716888,85.446
Fragile and conflict affected situations,FCS,..,..,25.265282750787,..,17.846318810172,..,..,..,..,..,..,..,..,..,..,..,..,..,..,..,1.45424011166074,55.0499314301963,3.28650858316983,357957325,44.9500685698037
France,FRA,..,..,20.2466849621542,15324817,22.8524348691491,..,..,2349113831300,35030.0893185221,..,..,..,..,..,..,..,..,..,..,8.44340038299561,-1.2241140298587,19.291,0.469114617997402,54123364,80.709
French Polynesia,PYF,..,..,..,..,..,..,..,..,..,..,..,..,..,..,..,..,..,..,..,..,0.412437730355214,38.103,0.67910990312655,172870,61.897
Gabon,GAB,..,..,42.2563745900639,..,..,..,..,5718644703000,2632191.83422099,..,..,..,..,..,..,..,..,..,..,..,-1.06836906629506,10.259,2.89835543557798,1949694,89.741
"Gambia, The",GMB,..,..,30.4979923766711,..,..,..,..,61230158564.6441,26080.8459682107,60145907623.8636,25619.0117603582,..,..,..,..,..,..,..,..,..,1.20035299262843,38.069,3.99495279170776,1453958,61.931
Georgia,GEO,65.0477623429791,..,49.0488400510636,1077346,28.9579403405349,..,..,40367700000,10850.4180484692,..,..,..,..,..,..,..,..,..,..,11.565299987793,-1.15434138689578,40.961,0.526131290953462,2196476,59.039
Germany,DEU,..,..,5.52942265611719,7977060,9.59556287765554,..,..,3240659870000,38981.7245296889,..,..,..,..,..,..,..,..,..,..,3.13910007476807,-0.00903831576598271,22.624,0.356199259518144,64324835,77.376
Ghana,GHA,..,..,18.5841264106426,5680794,18.6758527622723,..,..,164559881100,5409.97633429522,..,..,..,..,..,..,..,..,..,..,..,0.679166031547571,43.293,3.31009008201653,17249054,56.707
Gibraltar,GIB,..,..,..,..,..,..,..,..,..,..,..,..,..,..,..,..,..,..,..,..,..,0,-0.0504308885041264,33701,100
Greece,GRC,..,..,37.0750706966604,3154152,29.4331581301868,..,..,186481240700,17401.6085649535,..,..,..,..,..,..,..,..,..,..,17.3129997253418,-1.74274604899724,20.612,0.262136614075548,8507474,79.388
Greenland,GRL,..,..,..,..,..,..,..,..,..,..,..,..,..,..,..,..,..,..,..,..,-1.44554542217769,12.948,0.631266058920437,48945,87.052
Grenada,GRD,..,..,..,..,..,..,..,2544910000,22721.8020945867,..,..,..,..,..,..,..,..,..,..,..,0.296629746900965,63.604,0.832599154032947,40765,36.396
Guam,GUM,..,..,..,..,..,..,..,..,..,..,..,..,..,..,..,..,..,..,..,..,-0.602760605525927,5.14100000000001,0.99934968897591,158693,94.859
Guatemala,GTM,..,..,33.8514063724799,2891230,17.4128250582118,..,..,513262398000,30911.9244934933,504474271657.827,30382.6476577323,..,..,..,..,..,..,..,..,..,0.770696070143371,48.561,2.3116594096001,8540945,51.439
Guinea,GIN,..,..,40.5283915816887,1889233,14.7928635937324,..,..,67339513000000,5272744.17860246,63138829101025.4,4943826.86709076,..,..,..,..,..,..,..,..,..,2.26925064247266,63.5,3.82576684632788,4661505,36.5
Guinea-Bissau,GNB,..,..,68.8326622445364,..,..,..,..,524193000000,272886.145298976,526168875185.342,273914.753012013,..,..,..,..,..,..,..,..,..,1.71753593667991,56.223,3.41368711824618,840922,43.777
Guyana,GUY,..,..,..,..,..,..,..,492162300000,628747.671717985,..,..,..,..,..,..,..,..,..,..,..,0.368716788947566,73.311,0.792941724083628,208912,26.689
Haiti,HTI,..,..,42.7272747382345,2704187,24.0093093565817,..,..,16124832100,1431.65425398406,15981236479.6264,1418.90501855101,..,..,..,..,..,..,..,..,..,-0.815010734197561,43.808,2.88983939801119,6328948,56.192
Heavily indebted poor countries (HIPC),HPC,..,..,32.0793651779585,..,14.2706435411711,..,..,..,..,..,..,..,..,..,..,..,..,..,..,..,1.99299428340751,63.5187185860037,4.10140956001723,292473363,36.4812814139963
High income,HIC,..,..,19.3974138593254,..,..,..,..,..,..,..,..,..,..,..,..,..,..,..,..,4.79656148368966,-0.55014640347531,18.952559898009,0.666561549990035,1001596280,81.047440101991
Honduras,HND,..,..,24.9387489373818,1403162,14.3971388810539,..,..,220411800000,22615.3451677217,204844873554.214,21018.1012144851,..,..,..,..,..,..,..,..,5.6975998878479,0.151923104742271,42.27,2.74492540014081,5626433,57.73
"Hong Kong SAR, China",HKG,..,..,99.7785651490529,7490776,99.7785651490529,..,..,2702979000000,360041.958600847,2842517146388.65,378628.705862035,..,..,..,..,..,..,..,..,2.96000003814697,..,0,0.754094920172569,7507400,100
Hungary,HUN,..,..,25.2002619584998,1763913,18.054475002889,..,..,40897163287500,4186016.04650137,..,..,..,..,..,..,..,..,..,..,3.41910004615784,-1.08542346079965,28.356,0.352340995276881,6999582,71.644
IBRD only,IBD,..,..,12.4992835312109,..,23.7510905631518,..,..,..,..,..,..,..,..,..,..,..,..,..,..,..,-0.531202687329525,44.3837275487187,1.9179185154432,2678610910,55.6162724512813
IDA & IBRD total,IBT,..,..,15.232040773892,..,21.5390096469962,..,..,..,..,..,..,..,..,..,..,..,..,..,..,..,0.116214960644911,49.0512297439418,2.24406337007093,3304099384,50.9487702560582
IDA blend,IDB,..,..,18.7592819611857,..,..,..,..,..,..,..,..,..,..,..,..,..,..,..,..,..,1.42091309870142,57.2928135402365,3.42819781045645,239831686,42.7071864597635
IDA only,IDX,..,..,32.1664415714773,..,13.3071966528068,..,..,..,..,..,..,..,..,..,..,..,..,..,..,..,1.49080107728558,65.1724474627507,3.81231212916673,385656788,34.8275525372493
IDA total,IDA,..,..,27.0150966448319,..,14.8764099546847,..,..,..,..,..,..,..,..,..,..,..,..,..,..,..,1.46924064018216,62.5210177555368,3.66469401300202,625488474,37.4789822444632
Iceland,ISL,..,..,..,..,..,..,..,2705638048000,7488349.56948684,..,..,..,..,..,..,..,..,..,..,3.50740003585815,1.72629553865762,6.145,2.45143677355771,339110,93.855
India,IND,..,..,6.24143804658443,214179435,15.6745207951975,..,..,146838348103640,107462.265967923,145259775979761,106307.002784861,..,..,..,..,..,..,..,..,..,0.342849974689292,65.528,2.30559711269868,471031528,34.472
Indonesia,IDN,..,..,7.02178627161911,36532764,13.4993763782142,..,..,1.09492437E+16,40459014.2051914,1.0631914975926E+16,39286439.3948395,..,..,..,..,..,..,..,..,3.62100005149841,-0.387773166902514,44.015,2.28647588218374,151509724,55.985
"Iran, Islamic Rep.",IRN,..,..,14.4196406367704,21550514,25.9914350193561,..,..,..,..,..,..,..,..,..,..,..,..,..,..,11.1400003433228,-0.631306373119406,24.609,2.00829866328703,62509623,75.391
Iraq,IRQ,..,..,25.1029284858481,9877181,25.1265213038698,..,..,210540555098300,5355932.77373981,..,..,..,..,..,..,..,..,..,..,..,1.55743742539777,29.322,2.54460168641088,27783368,70.678
Ireland,IRL,..,..,38.7685386114749,1214666,24.581195294331,..,..,336463258800,68090.0681663093,..,..,..,..,..,..,..,..,..,..,4.94920015335083,0.871385951095929,36.595,1.8828138944878,3133123,63.405
Isle of Man,IMN,..,..,..,..,..,..,..,..,..,..,..,..,..,..,..,..,..,..,..,..,0.290574087870651,47.265,0.880447935282955,44605,52.735
Israel,ISR,..,..,48.9225069805059,5237807,57.8552240619443,..,..,1343521839400,148401.338672086,..,..,..,..,..,..,..,..,..,..,3.80299997329712,0.800506492655541,7.499,1.99102086408586,8374393,92.501
Italy,ITA,..,..,9.92690231442086,11351117,18.8252192515909,..,..,1723514900000,28583.5710052885,1738335613728.82,28829.3646002361,..,..,..,..,..,..,..,..,9.95139980316162,-1.21920627115391,29.264,0.216136702236061,42651966,70.736
Jamaica,JAM,..,..,35.7355594410255,..,..,..,..,898719304000,304828.445340485,..,..,..,..,..,..,..,..,..,..,7.71500015258789,-0.247749963270032,44.015,1.01342148999657,1650594,55.985
Japan,JPN,..,..,32.3323629729751,81716514,64.7182977512576,..,..,551018410942100,4363986.15655284,..,..,..,..,..,..,..,..,..,..,2.40000009536743,-1.19186559429896,8.30200000000001,-0.11953563624417,115782416,91.698
Jordan,JOR,..,..,22.8861176019055,2108509,20.8728258844507,..,..,29549196000,2925.17235228072,..,..,..,..,..,..,..,..,..,..,16.8500003814697,-1.06180948320557,8.797,1.6985753454984,9213048,91.203
Kazakhstan,KAZ,..,..,17.4863781415697,2980430,16.0983108394598,..,..,14784966902300,798586.086384684,12434483155462.8,671628.506506335,..,..,..,..,..,..,..,..,4.80000019073486,1.02732159678973,42.46,1.48557187518294,10652915,57.54
Kenya,KEN,..,..,31.5069235792108,5810192,11.051460767479,..,..,5049309500000,96041.9997172365,4949558785023.56,94144.6594691171,..,..,..,..,..,..,..,..,..,1.61606282093411,72.493,4.02121623446354,14461523,27.507
Kiribati,KIR,..,..,..,..,..,..,..,197000000,1675.08460452698,..,..,..,..,..,..,..,..,..,..,..,-0.201239476984638,45.165,2.93620438547036,64489,54.835
"Korea, Dem. Peopleâ€™s Rep.",PRK,..,..,19.1934841841422,3060864,11.9256791072105,..,..,..,..,..,..,..,..,..,..,..,..,..,..,..,-0.164371605168362,37.866,0.833251731729597,15947412,62.134
"Korea, Rep.",KOR,..,..,23.6598653055822,25963874,50.2114231425967,..,..,1.8444899E+15,35670510.0522156,1.86111837607403E+15,35992087.428677,..,..,..,..,..,..,..,..,3.74589991569519,0.354634106945366,18.57,0.162747739688632,42106719,81.43
Kosovo,XKX,..,..,..,..,..,..,..,5701257183.07142,3177.51904032855,5837483264.13965,3253.4428151179,..,..,..,..,..,..,..,..,25.5562000274658,..,..,..,..,..
Kuwait,KWT,..,..,72.5560441759766,3052493,72.5560441759766,..,..,39424800000,9371.05353043902,..,..,..,..,..,..,..,..,..,..,..,..,0,1.67232318324502,4207083,100
Kyrgyz Republic,KGZ,..,..,43.0520213794376,..,..,..,..,331320385234.155,51312.6090281954,305842996512.682,47366.8473280803,..,..,..,..,..,..,..,..,..,1.72094328651505,63.409,2.75676671410675,2362644,36.591
Lao PDR,LAO,..,..,26.3372062082869,..,..,..,..,129450198290298,18055793.4027479,..,..,..,..,..,..,..,..,..,..,..,0.526012773541772,64.355,3.331757148754,2555552,35.645
Last Updated: 10/15/2020,,,,,,,,,,,,,,,,,,,,,,,,,,
Late-demographic dividend,LTE,..,..,10.325027034418,..,28.4004984918449,..,..,..,..,..,..,..,..,..,..,..,..,..,..,5.57246634058363,-1.78492035484304,36.7068497577963,1.817605903802,1454774594,63.2931502422037
Latin America & Caribbean,LCN,..,..,23.1725820208969,..,38.1819021981796,..,..,..,..,..,..,..,..,..,..,..,..,..,..,8.22106782971444,-0.347266474908892,19.1294409713812,1.24070325060394,522741501,80.8705590286188
Latin America & Caribbean (excluding high income),LAC,..,..,21.7288957533462,..,37.9613122768411,..,..,..,..,..,..,..,..,..,..,..,..,..,..,8.27413359803885,-0.380326775146571,19.3008822356703,1.24945937188244,495309499,80.6991177643297
Latin America & the Caribbean (IDA & IBRD countries),TLA,..,..,22.8048798729244,..,38.3352806239088,..,..,..,..,..,..,..,..,..,..,..,..,..,..,8.22076946759623,-0.348997900567255,19.1056496327386,1.27003218409789,510155990,80.8943503672615
Latvia,LVA,..,..,48.5707038544979,..,..,..,..,27497491000,14375.6007588919,..,..,..,..,..,..,..,..,..,..,6.31209993362427,-1.00065902639905,31.778,-0.631896739968549,1304943,68.222
Least developed countries: UN classification,LDC,..,..,33.2284185529943,..,13.0005125367406,..,..,..,..,..,..,..,..,..,..,..,..,..,..,..,1.52829633332436,65.8986491891132,3.97594196721374,352399564,34.1013508108868
Lebanon,LBN,..,..,39.5542707190837,2406875,35.1075810787295,..,..,60544815158200,8831293.71929659,60260950127636.2,8789888.10173883,..,..,..,..,..,..,..,..,..,-1.35803156174649,11.242,0.285139366815395,6084994,88.758
Lesotho,LSO,..,..,..,..,..,..,..,23911314944.2192,11250.9645579848,27452976419.5021,12917.418612383,..,..,..,..,..,..,..,..,..,0.206437899583031,71.415,2.3324759968299,607508,28.585
Liberia,LBR,..,..,57.5659642461661,1467026,29.7126772247758,..,..,1403284400,284.216751657865,..,..,..,..,..,..,..,..,..,..,..,1.4727747088506,48.385,3.33023619382136,2548426,51.615
Libya,LBY,..,..,21.3067327240389,1160918,17.1291216817176,..,..,35044953300,5170.81541853782,..,..,..,..,..,..,..,..,..,..,..,-0.00346156682589269,19.607,1.83240152888494,5448597,80.393
Liechtenstein,LIE,..,..,..,..,..,..,..,..,..,..,..,..,..,..,..,..,..,..,..,..,0.249119752390265,85.629,0.513762597959161,5464,14.371
Lithuania,LTU,..,..,28.4272503679245,..,..,..,..,42981308200,15422.9329664667,..,..,..,..,..,..,..,..,..,..,6.25519990921021,-1.07211413981553,32.145,-0.266327493945688,1891013,67.855
Low & middle income,LMY,..,..,15.0938113896887,..,21.5619375454364,..,..,..,..,..,..,..,..,..,..,..,..,..,..,..,0.118528252107495,49.1501713403779,2.26622699471291,3272637457,50.8498286596221
Low income,LIC,..,..,31.5089549390024,..,12.3796416662598,..,..,..,..,..,..,..,..,..,..,..,..,..,..,..,1.98138717700584,66.6817338257066,3.95200491021681,222717604,33.3182661742934
Lower middle income,LMC,..,..,17.2504424366984,..,16.4283078035282,..,..,..,..,..,..,..,..,..,..,..,..,..,..,..,0.632321309631195,60.3141491577427,2.65695765856005,1156193048,39.6858508422573
Luxembourg,LUX,..,..,..,..,..,..,..,58465378200,94314.8176468311,..,..,..,..,..,..,..,..,..,..,5.59469985961914,-0.774452556707725,8.777,2.21159069261405,565488,91.223
"Macao SAR, China",MAC,..,..,100,..,..,..,..,409264000000,639030.673984495,..,..,..,..,..,..,..,..,..,..,1.70000004768372,..,0,1.38499683787543,640445,100
Madagascar,MDG,..,..,31.4409311116049,3210386,11.9038505512952,..,..,22254071173300,825162.885101201,21547769653069.4,798973.798365284,..,..,..,..,..,..,..,..,..,1.58378395984141,62.139,4.44171609359296,10210849,37.861
Malawi,MWI,..,..,33.5915564056023,1074695,5.76901387946275,..,..,1467858743066.33,78795.3555365978,1425161854054.51,76503.3662250345,..,..,..,..,..,..,..,..,..,2.35464009561543,82.826,4.02998683326404,3199301,17.174
Malaysia,MYS,..,..,31.7877732611106,7780301,24.3516597940574,..,..,1420490352700,44460.1022629986,1379453616899.34,43175.6884218421,..,..,..,..,..,..,..,..,3.30999994277954,-1.0845295578938,23.393,2.07521595937832,24475766,76.607
Maldives,MDV,..,..,..,..,..,..,..,74730600000,140748.05114577,..,..,..,..,..,..,..,..,..,..,..,2.19853498309272,59.762,3.99018877853483,213645,40.238
Mali,MLI,..,..,29.8280785802497,2529328,12.866639593762,..,..,5433177969000,276384.647526499,5284981129016.36,268845.90471021,..,..,..,..,..,..,..,..,..,1.63426429279913,56.864,4.82142121667301,8479688,43.136
Malta,MLT,..,..,..,..,..,..,..,10973729130,21831.6196859464,9994064888.27246,19882.6325283495,..,..,..,..,..,..,..,..,3.39459991455078,2.41768770391555,5.322,3.72124013043989,475902,94.678
Marshall Islands,MHL,..,..,..,..,..,..,..,..,..,..,..,..,..,..,..,..,..,..,..,..,-1.04893446945697,22.583,1.14463740064475,45514,77.417
Mauritania,MRT,..,..,51.0362527317548,1258973,27.8183289376927,..,..,238410889200,52679.3865960065,235593778779.122,52056.9165006051,..,..,..,..,..,..,..,..,..,0.922461525506334,45.493,4.2850596243352,2466821,54.507
Mauritius,MUS,..,..,..,..,..,..,..,370982646400,293102.174509031,..,..,..,..,..,..,..,..,..,..,..,0.0777914734145011,59.234,-0.0339102930676604,515980,40.766
Mexico,MEX,..,..,21.11718921457,52010061,40.7680543499843,..,..,18524608410000,145205.029171386,17973628734159.7,140886.178368578,..,..,..,..,..,..,..,..,3.48280000686646,-0.37059476537146,19.556,1.45001802915239,102626859,80.444
"Micronesia, Fed. Sts.",FSM,..,..,..,..,..,..,..,..,..,..,..,..,..,..,..,..,..,..,..,..,0.897564324174799,77.188,1.51353401514872,25963,22.812
Middle East & North Africa,MEA,..,..,25.8057922081404,..,26.0349588887367,..,..,..,..,..,..,..,..,..,..,..,..,..,..,..,0.835423592221289,34.3213851749204,2.21348925115063,299959097,65.6786148250796
Middle East & North Africa (IDA & IBRD countries),TMN,..,..,23.8812859472377,..,21.9246339912676,..,..,..,..,..,..,..,..,..,..,..,..,..,..,..,0.881359707055736,38.2736095340958,2.21974964951738,237505732,61.7263904659042
Middle East & North Africa (excluding high income),MNA,..,..,23.8141016042413,..,21.9246339912676,..,..,..,..,..,..,..,..,..,..,..,..,..,..,..,0.884875902616614,38.0965996259187,2.23001209316868,241087180,61.9034003740813
Middle income,MIC,..,..,13.9002022178536,..,22.5734519315951,..,..,..,..,..,..,..,..,..,..,..,..,..,..,..,-0.180547902364424,47.1182340543037,2.1452641908437,3049919853,52.8817659456963
Moldova,MDA,94.018880412443,..,44.4157738163385,..,..,..,..,122148788509.987,45961.4268276619,..,..,..,..,..,..,..,..,..,..,5.09899997711182,-1.97442066133349,57.274,-1.57797027448494,1135502,42.726
Monaco,MCO,..,..,..,..,..,..,..,..,..,..,..,..,..,..,..,..,..,..,..,..,..,0,0.726376735217118,38964,100
Mongolia,MNG,..,..,70.2359422172724,1552654,48.1418171524141,..,..,19039609955097.2,5903449.32684019,16592370352537.6,5144654.63417478,..,..,..,..,..,..,..,..,10.0271997451782,1.40773578892332,31.457,1.86181534605175,2210626,68.543
Montenegro,MNE,..,..,..,..,..,..,..,3088736795.27338,4964.72126762012,3101258168.44198,4984.84765966657,..,..,..,..,..,..,..,..,15.1229000091553,-1.03488644794619,32.85,0.488546780077044,417765,67.15
Morocco,MAR,..,..,16.1744887688049,7941338,21.7739315030209,..,..,1002036684000,27042.4356386607,982119723125.433,26504.9272408461,..,..,..,..,..,..,..,..,..,-0.23028655593284,37.006,2.0835692308648,22975026,62.994
Mozambique,MOZ,..,..,15.0443928321637,2773054,9.13209086625597,..,..,675062000000,22230.8239376388,658077298733.51,21671.4917526117,..,..,..,..,..,..,..,..,..,2.05996635216516,63.472,4.39649295457562,11092106,36.528
Myanmar,MMR,..,..,31.4499205444038,6649810,12.304113836103,..,..,91721881614241,1697125.89178215,..,..,..,..,..,..,..,..,..,..,0.503400027751923,0.231519958314784,69.148,1.51435704030921,16674093,30.852
Namibia,NAM,..,..,32.7804733997352,..,..,..,..,143787188900,57640.9940549923,139454118410.635,55903.9652401997,..,..,..,..,..,..,..,..,..,-0.169515416422525,48.958,3.87107816004467,1273258,51.042
Nauru,NRU,..,..,..,..,..,..,..,87000000,6915.18957157619,..,..,..,..,..,..,..,..,..,..,..,..,0,-0.972916513578607,12581,100
Nepal,NPL,..,..,23.8679194722135,1376108,4.81010153900683,..,..,949885806075.286,33202.6786973368,962051535825.259,33627.9243567871,..,..,..,..,..,..,..,..,..,1.32143354624637,79.847,3.9079393131151,5765513,20.153
Netherlands,NLD,..,..,7.16080631576211,2149006,12.3984572646737,..,..,757984563000,43731.0980594651,..,..,..,..,..,..,..,..,..,..,3.3798999786377,-4.05617273356722,8.124,1.00673801972736,15924729,91.876
New Caledonia,NCL,..,..,..,..,..,..,..,..,..,..,..,..,..,..,..,..,..,..,..,..,-0.138187127330443,28.896,1.90179354672582,204637,71.104
New Zealand,NZL,..,..,37.1467481908304,1582028,32.1746593451291,..,..,288560399400,58686.271995119,..,..,..,..,..,..,..,..,..,..,4.07100009918213,0.984101358422394,13.385,1.64666697805072,4258860,86.615
Nicaragua,NIC,..,..,27.4423921976778,1055472,16.1251497593309,..,..,171846000000,26254.0596580675,..,..,..,..,..,..,..,..,..,..,..,0.654140032242362,41.24,1.63542151795135,3846137,58.76
Niger,NER,..,..,32.5048289310434,1251511,5.36882287823432,..,..,7181797986000,308089.991491037,7074622382747.13,303492.29454125,..,..,..,..,..,..,..,..,..,3.68352459442568,83.483,4.35223802394067,3850231,16.517
Nigeria,NGA,..,..,13.5240081244314,33486829,16.6631316151937,..,..,72094093995700,358742.052562962,..,..,..,..,..,..,..,..,..,..,8.5310001373291,0.914026454660034,48.843,4.16683058219486,102806948,51.157
North America,NAC,..,..,8.27906700723163,..,46.414726768972,..,..,..,..,..,..,..,..,..,..,..,..,..,..,3.88924059847374,-0.491585232278396,17.6383059124822,0.803584273396112,301355428,82.3616940875178
North Macedonia,MKD,..,..,48.6296320728268,..,..,..,..,468030000000,224640.849663948,448663055246.706,215345.276891317,..,..,..,..,..,..,..,..,17.2574005126953,-0.560490538117947,41.792,0.445852847071789,1212740,58.208
Northern Mariana Islands,MNP,..,..,..,..,..,..,..,..,..,..,..,..,..,..,..,..,..,..,..,..,-0.504626806762427,8.292,0.684606731774048,52472,91.708
Norway,NOR,..,..,23.2391882881288,1026758,19.1992888418174,..,..,3296686000000,616445.420778564,..,..,..,..,..,..,..,..,..,..,3.68720006942749,-1.41972396099068,17.384,1.12148861779611,4418218,82.616
Not classified,INX,..,..,..,..,..,..,..,..,..,..,..,..,..,..,..,..,..,..,..,..,..,..,..,..,..
OECD members,OED,..,..,18.0038700514671,..,37.421319509352,..,..,..,..,..,..,..,..,..,..,..,..,..,..,5.3834696940848,-0.523804489272081,19.1954271466344,0.798433703087326,1098912701,80.8045728533655
Oman,OMN,..,..,35.3261297875659,1501635,30.1837030295161,..,..,29480167500,5925.67848432136,..,..,..,..,..,..,..,..,..,..,..,-3.05647239423707,14.557,4.03194969984661,4250777,85.443
Other small states,OSS,..,..,..,..,..,..,..,..,..,..,..,..,..,..,..,..,..,..,..,..,0.664840493634841,37.4034971261055,2.73566930182201,19630518,62.5965028738945
Pacific island small states,PSS,..,..,..,..,..,..,..,..,..,..,..,..,..,..,..,..,..,..,..,..,1.05233559873648,60.9616093280817,2.15089417722369,973497,39.0383906719183
Pakistan,PAK,..,..,19.6945411783205,43765501,20.2089149842543,..,..,13262866000000,61241.8743799042,14145557690553.2,65317.7425692568,..,..,..,..,..,..,..,..,..,1.64796673664534,63.093,2.68434882280713,79927762,36.907
Palau,PLW,..,..,..,..,..,..,..,..,..,..,..,..,..,..,..,..,..,..,..,..,-2.16574348695219,19.53,1.23595518617074,14491,80.47
Panama,PAN,..,..,63.0325277742792,1821693,42.8993092800815,..,..,43061100000,10140.5200922467,..,..,..,..,..,..,..,..,..,..,4.73920011520386,0.561975136994822,31.941,2.16737410889427,2890084,68.059
Papua New Guinea,PNG,..,..,32.2072626015407,..,..,..,..,67012024013.3188,7635.73287584724,..,..,..,..,..,..,..,..,..,..,..,1.86035999214582,86.75,2.56681629731643,1162834,13.25
Paraguay,PRY,..,..,75.2247571200808,3279160,46.5483241433624,..,..,209565050525900,29748173.0107702,201985723216418,28672272.5228695,..,..,..,..,..,..,..,..,6.59469985961914,0.496896962614933,38.121,1.74142083128675,4359150,61.879
Peru,PER,..,..,41.569795503715,10554712,32.4655949887871,..,..,546161000000,16799.5505937736,520320128694.391,16004.7025088943,..,..,..,..,..,..,..,..,3.02990007400513,0.743305624947381,21.901,1.86230161084329,25390339,78.099
Philippines,PHL,..,..,26.873264020453,15483831,14.3214167406185,..,..,19368512821491.5,179144.64693046,21280846777635.4,196832.344202002,..,..,..,..,..,..,..,..,2.23729991912842,0.907148327142197,52.851,1.87858335407114,50975903,47.149
Poland,POL,..,..,7.7903504272177,1775933,4.67709276325849,..,..,1990686000000,52426.6573374108,1901337341736.88,50073.5732797955,..,..,..,..,..,..,..,..,3.27729988098145,0.0423502935833011,39.963,-0.0451764083685673,22796574,60.037
Portugal,PRT,..,..,43.563523873786,4251902,41.403538292388,..,..,198991519600,19377.0999463748,194223702301.467,18912.8265315808,..,..,..,..,..,..,..,..,6.46299982070923,-1.74251819658447,34.236,0.704264992189761,6753579,65.764
Post-demographic dividend,PST,..,..,17.4721372631484,..,37.1193971969826,..,..,..,..,..,..,..,..,..,..,..,..,..,..,4.98810602772656,-0.68297575794432,18.5342731967197,0.542438143586025,906643853,81.4657268032803
Pre-demographic dividend,PRE,..,..,28.4050006256959,..,16.203023885183,..,..,..,..,..,..,..,..,..,..,..,..,..,..,..,1.80350053664296,58.2235460640257,4.13401916099656,394746861,41.7764539359743
Puerto Rico,PRI,..,..,82.0260857257295,2451375,76.7567274760826,..,..,9550800000,2990.51818990799,..,..,..,..,..,..,..,..,..,..,8.30000019073486,0.041926677681261,6.42400000000001,0.00849952015032448,2988531,93.576
Qatar,QAT,..,..,25.4887469914431,..,..,..,..,819432000000,289340.612351332,..,..,..,..,..,..,..,..,..,..,..,-4.53135448502882,0.811999999999998,1.84876479832287,2809071,99.188
Romania,ROU,..,..,17.3113557599238,1812290,9.36267341938726,..,..,465914700000,24070.1387603076,458619455988.732,23693.2510260474,..,..,..,..,..,..,..,..,3.91170001029968,-0.784615908826702,45.916,-0.43836254855258,10468793,54.084
Russian Federation,RUS,..,..,11.5859216414444,33674031,23.3242408312576,..,..,90589933530542.2,617388.329662808,87561726326535.2,596750.498121355,..,..,..,..,..,..,..,..,4.49569988250732,-0.676394672598752,25.413,0.134449345963402,107683889,74.587
Rwanda,RWA,..,..,50.0797766254487,1094796,8.67031230819794,..,..,9139421000000,723802.739378868,8848406082527.81,700755.612600653,..,..,..,..,..,..,..,..,15.3016996383667,2.48437324530633,82.687,3.19854119372441,2186104,17.313
Samoa,WSM,..,..,..,..,..,..,..,2042000000,10360.3809291872,..,..,..,..,..,..,..,..,..,..,..,0.720194252500449,81.944,-0.538057569805217,35588,18.056
San Marino,SMR,..,..,..,..,..,..,..,..,..,..,..,..,..,..,..,..,..,..,..,5.80000019073486,-5.03388547676129,2.63200000000001,0.367686574350078,32969,97.368
Sao Tome and Principe,STP,..,..,..,..,..,..,..,4286255900,19930.8826538204,..,..,..,..,..,..,..,..,..,..,..,-1.07558056147723,26.402,2.97670032450418,158277,73.598
Saudi Arabia,SAU,..,..,24.5442403556976,16282472,47.5143606985395,..,..,2639811458556.56,77033.115007349,2663863313560.09,77734.9792661095,..,..,..,..,..,..,..,..,..,0.29576593511849,15.935,1.9363479388419,28807838,84.065
Senegal,SEN,..,..,39.3662211780874,3057065,18.759184564115,..,..,13301178843400,816205.310792027,12951269108995.7,794733.66629487,..,..,..,..,..,..,..,..,..,1.8729499493424,52.347,3.72185738820304,7765706,47.653
Serbia,SRB,..,..,35.6700875783769,1393717,20.0679916054413,..,..,3893858100000,560672.731003351,3680216747576.53,529910.726471517,..,..,..,..,..,..,..,..,10.3948001861572,-0.923715546210745,43.74,-0.241285661081648,3907243,56.26
Seychelles,SYC,..,..,..,..,..,..,..,9565967914.9876,97986.8672469921,..,..,..,..,..,..,..,..,..,..,2.95070004463196,-0.105049550068803,42.881,1.63992935453116,55762,57.119
Sierra Leone,SLE,..,..,35.2002159448521,1168424,14.9544585679519,..,..,10233894000000,1309818.55740563,..,..,..,..,..,..,..,..,..,..,..,1.36596359767134,57.516,3.1240005330638,3319366,42.484
Singapore,SGP,..,..,100,5868104,100,..,..,475279500000,83330.1920253792,429239140245.781,75257.9902593939,..,..,..,..,..,..,..,..,3.09999990463257,..,0,1.14428330688929,5703569,100
Sint Maarten (Dutch part),SXM,..,..,..,..,..,..,..,..,..,..,..,..,..,..,..,..,..,..,..,..,..,0,0.19413425930761,40733,100
Slovak Republic,SVK,..,..,14.7592545639378,..,..,..,..,89295307000,16372.224390836,..,..,..,..,..,..,..,..,..,..,5.75419998168945,0.127475858806217,46.271,0.139565457483372,2930419,53.729
Slovenia,SVN,..,..,..,..,..,..,..,44800120800,21456.5514625378,..,..,..,..,..,..,..,..,..,..,4.44579982757568,0.0552473605867826,45.178,1.18914633970637,1144654,54.822
Small states,SST,..,..,..,..,..,..,..,..,..,..,..,..,..,..,..,..,..,..,..,..,0.605253997340569,40.8415395978387,2.42387141499647,24406106,59.1584604021613
Solomon Islands,SLB,..,..,..,..,..,..,..,5402350688.59952,8065.34067746184,..,..,..,..,..,..,..,..,..,..,..,1.95894754230485,75.79,4.48798720730344,162164,24.21
Somalia,SOM,..,..,30.9864686736525,2179855,14.1155760525627,..,..,..,..,..,..,..,..,..,..,..,..,..,..,..,1.79050880839844,54.446,4.14366174403649,7034861,45.554
South Africa,ZAF,..,..,14.3937873165213,20836302,35.5821679841293,..,..,3149337041900,53781.2514252897,3058213039023.63,52225.1261696022,..,..,..,..,..,..,..,..,28.4680995941162,-0.16165875738029,33.144,2.09081155863504,39149717,66.856
South Asia,SAS,..,..,11.3243739251454,..,15.9230149417843,..,..,..,..,..,..,..,..,..,..,..,..,..,..,..,0.505062823940051,65.5681026430702,2.48708537686694,632092764,34.4318973569298
South Asia (IDA & IBRD),TSA,..,..,11.3243739251454,..,15.9230149417843,..,..,..,..,..,..,..,..,..,..,..,..,..,..,..,0.505062823940051,65.5681026430702,2.48708537686694,632092764,34.4318973569298
South Sudan,SSD,..,..,17.5248154457694,..,..,..,..,..,..,..,..,..,..,..,..,..,..,..,..,..,0.428300907801056,80.101,2.21970691983072,2201250,19.899
Spain,ESP,..,..,17.2936701265304,12100168,25.7030488129594,..,..,1192358000000,25327.94245214,..,..,..,..,..,..,..,..,..,..,14.1042003631592,-0.653185755467197,19.435,0.897791266974609,37927409,80.565
Sri Lanka,LKA,..,..,14.9591519236502,..,..,..,..,9889378856900,453578.812865202,9594573920702.45,440057.511383867,..,..,..,..,..,..,..,..,4.78999996185303,0.478079857786287,81.415,1.2001131645543,4052088,18.585
St. Kitts and Nevis,KNA,..,..,..,..,..,..,..,2122360000,40178.710031615,..,..,..,..,..,..,..,..,..,..,..,0.691778316046436,69.201,0.802275347334785,16269,30.799
St. Lucia,LCA,..,..,..,..,..,..,..,5674304700,31042.7523387494,..,..,..,..,..,..,..,..,..,..,15.5860996246338,0.400775097374816,81.246,0.899600223892413,34280,18.754
St. Martin (French part),MAF,..,..,..,..,..,..,..,..,..,..,..,..,..,..,..,..,..,..,..,..,..,..,..,..,..
St. Vincent and the Grenadines,VCT,..,..,..,..,..,..,..,1822660000,16481.3860329689,..,..,..,..,..,..,..,..,..,..,..,-0.530989857040305,47.386,1.13731867505913,58185,52.614
Sub-Saharan Africa,SSF,..,..,26.434384375267,..,15.7507255985825,..,..,..,..,..,..,..,..,..,..,..,..,..,..,..,1.73736751270197,59.2872212046948,4.02650879781325,450673319,40.7127787953052
Sub-Saharan Africa (IDA & IBRD countries),TSS,..,..,26.434384375267,..,15.7507255985825,..,..,..,..,..,..,..,..,..,..,..,..,..,..,..,1.73736751270197,59.2872212046948,4.02650879781325,450673319,40.7127787953052
Sub-Saharan Africa (excluding high income),SSA,..,..,26.434384375267,..,15.7507255985825,..,..,..,..,..,..,..,..,..,..,..,..,..,..,..,1.73941699526988,59.2887308177724,4.0316536819508,450101577,40.7112691822276
Sudan,SDN,..,..,37.9610386493277,5677921,13.2620686153194,..,..,31661665010,739.529792397389,30738312535.7828,717.962807106129,..,..,..,..,..,..,..,..,..,1.9405882416506,65.064,3.23653535585726,14957233,34.936
Suriname,SUR,..,..,..,..,..,..,..,9643000000,16586.6261189049,..,..,..,..,..,..,..,..,..,..,..,0.826789901009815,33.905,0.982802467902589,384258,66.095
Sweden,SWE,..,..,17.8251589456572,1608037,15.6340902048748,..,..,4601670000000,447395.94843319,4718166139132.04,458722.24967943,..,..,..,..,..,..,..,..,6.83260011672974,-1.15091996281047,12.292,1.39390348582098,9021165,87.708
Switzerland,CHE,..,..,21.841416909912,1383092,16.1296687795166,..,..,702605762300,81938.1373652568,..,..,..,..,..,..,..,..,..,..,4.39410018920898,0.50941069346336,26.151,0.77853888557615,6332428,73.849
Syrian Arab Republic,SYR,..,..,25.1510175390753,5502085,32.2322289776853,..,..,..,..,..,..,..,..,..,..,..,..,..,..,..,-0.483598454720334,45.179,2.17389250804654,9358019,54.821
Tajikistan,TJK,..,..,35.1142830990027,..,..,..,..,7229400000,775.601978238858,..,..,..,..,..,..,..,..,..,..,..,2.15008599216719,72.691,3.03343485610871,2545477,27.309
Tanzania,TZA,..,..,31.8224495093791,7429015,12.8074402233459,..,..,120108008734900,2133302.79654329,..,..,..,..,..,..,..,..,..,..,..,1.85240114811867,65.5,5.07256744970222,20011885,34.5
Thailand,THA,..,..,29.325177222578,14170741,20.3527792414001,..,..,10926912000000,156938.178269016,10518130615461,151067.0404947,..,..,..,..,..,..,..,..,0.716400027275085,-1.21218925606853,49.308,1.75999001855809,35294600,50.692
Timor-Leste,TLS,..,..,..,..,..,..,..,1632020380,1262.08058191087,..,..,..,..,..,..,..,..,..,..,..,1.43077995612399,69.053,3.16360140024628,400182,30.947
Togo,TGO,..,..,52.2840195651779,1785310,22.0889526655932,..,..,2435008000000,301274.156602163,2444948217043.88,302504.021352643,..,..,..,..,..,..,..,..,..,1.47935472056173,57.752,3.72112756957799,3414638,42.248
Tonga,TON,..,..,..,..,..,..,..,..,..,..,..,..,..,..,..,..,..,..,..,..,1.28010966715059,76.893,1.14548789747664,24145,23.107
Trinidad and Tobago,TTO,..,..,73.3558058290114,..,..,..,..,156007000000,111835.139461481,..,..,..,..,..,..,..,..,..,..,..,0.360971623944878,46.813,0.372959923949352,741944,53.187
Tunisia,TUN,..,..,28.7418751383648,2327822,19.9048989548188,..,..,73739000000,6305.32465123788,..,..,..,..,..,..,..,..,..,..,15.1338996887207,0.113645988874565,30.746,1.56082819525333,8099061,69.254
Turkey,TUR,..,..,23.7213702064943,30836753,36.9613991386632,..,..,1757308019000,21063.3600430734,1728775611517.84,20721.3662860345,..,..,..,..,..,..,..,..,13.6654996871948,-0.639395053922195,24.37,1.98526746531332,63097818,75.63
Turkmenistan,TKM,..,..,26.7744956087454,..,..,..,..,..,..,..,..,..,..,..,..,..,..,..,..,..,0.60201533551149,47.952,2.42440896744006,3092738,52.048
Turks and Caicos Islands,TCA,..,..,..,..,..,..,..,..,..,..,..,..,..,..,..,..,..,..,..,..,-2.49234084524569,6.64,1.66859074913932,35655,93.36
Tuvalu,TUV,..,..,..,..,..,..,..,45000000,3863.98763523957,..,..,..,..,..,..,..,..,..,..,..,-1.04494158743411,36.785,2.51715373624835,7362,63.215
Uganda,UGA,..,..,29.0943979312563,3137690,7.08768641519504,..,..,122693703382900,2771511.82779991,119432452721041,2697843.86820989,..,..,..,..,..,..,..,..,..,2.78268084656293,75.639,5.99483771868376,10784516,24.361
Ukraine,UKR,..,..,9.64250883367359,5415973,12.2022171602194,..,..,2609147000000,62081.4423135881,2694109305644.35,64103.0158304077,..,..,..,..,..,..,..,..,8.1943998336792,-0.928941884422414,30.527,-0.359035208401744,30835699,69.473
United Arab Emirates,ARE,..,..,33.4099590742362,5914068,60.5296601647669,..,..,1486260862586.29,152116.723934425,1493709981725.92,152879.130876733,..,..,..,..,..,..,..,..,2.22699999809265,-0.562105212734597,13.211,1.74689658333444,8479744,86.789
United Kingdom,GBR,..,..,16.4135331852957,18018197,26.9594634679549,..,..,2045735470700,30609.0174768519,..,..,..,..,..,..,..,..,..,..,3.73720002174377,-0.980497918032943,16.348,0.865354790812121,55908316,83.652
United States,USA,..,..,6.94765078886208,152587187,46.4865369061604,..,..,19923112259570.2,60696.8718376129,..,..,..,..,..,..,..,..,..,..,3.66919994354248,-0.67668895922924,17.541,0.720439853390911,270663028,82.459
Upper middle income,UMC,..,..,11.8553490380061,..,28.7555529461088,..,..,..,..,..,..,..,..,..,..,..,..,..,..,6.1810039726712,-1.63438107484271,33.6481665276027,1.83535597022724,1893726805,66.3518334723973
Uruguay,URY,..,..,52.8153771545265,1744700,50.3995974271853,..,..,712163486200,205724.497087298,..,..,..,..,..,..,..,..,..,..,9.35070037841797,-1.63118586486947,4.574,0.456298505713716,3303394,95.426
Uzbekistan,UZB,..,..,14.7046164945129,2490334,7.41597914275036,..,..,130977055932600,3900372.86153186,..,..,..,..,..,..,..,..,..,..,..,1.96819130722517,49.567,1.78817571789466,16935729,50.433
Vanuatu,VUT,..,..,..,..,..,..,..,70291000000,234395.528908037,..,..,..,..,..,..,..,..,..,..,..,2.27024608816205,74.606,2.9044699726374,76152,25.394
"Venezuela, RB",VEN,..,..,11.6662350697677,9431165,33.0734379140792,..,..,..,..,..,..,..,..,..,..,..,..,..,..,..,-1.50678348269267,11.76,-1.19876943645324,25162368,88.24
Vietnam,VNM,..,..,23.6935209698592,16735581,17.3493838088088,..,..,3.738546E+15,38756628.4318943,3.43775242633164E+15,35638372.0912297,..,..,..,..,..,..,..,..,2.03979992866516,-0.152468448284166,63.372,2.9147685515377,35332140,36.628
Virgin Islands (U.S.),VIR,..,..,..,..,..,..,..,..,..,..,..,..,..,..,..,..,..,..,..,..,-2.97073497529914,4.16800000000001,-0.207247881948234,102187,95.832
West Bank and Gaza,PSE,..,..,19.3587342326344,..,..,..,..,..,..,..,..,..,..,..,..,..,..,..,..,25.3404006958008,1.34706676269918,23.56,2.87351814806851,3581448,76.44
World,WLD,..,..,16.0994179512369,..,24.2163182191787,..,..,..,..,..,..,..,..,..,..,..,..,..,..,..,0.0721419431982895,44.2857152845525,1.88682780016862,4274233737,55.7142847154475
"Yemen, Rep.",YEM,..,..,26.4443343097945,2874373,9.85659655766174,..,..,..,..,..,..,..,..,..,..,..,..,..,..,..,1.29966130332314,62.727,4.00798539245142,10869523,37.273
Zambia,ZMB,..,..,33.6218939892753,2646619,14.8178408524032,..,..,142070945900,7954.24149111222,..,..,..,..,..,..,..,..,..,..,..,1.91199588236161,55.928,4.15048511630338,7871713,44.072
Zimbabwe,ZWE,..,..,32.2495789439097,1521311,10.3875888431834,..,..,18485280600,1262.18435628004,..,..,..,..,..,..,..,..,..,..,16.8565998077393,1.41820521552295,67.79,1.42278718723626,4717305,32.21
