CountryName,CountryCode,ENPOPDNST,ENPOPSLUMURZS,ENURBLCTYURZS,ENURBMCTY,ENURBMCTYTLZS,GBXPDRSDVGDZS,IPJRNARTCSC,NYGDPMKTPKN,NYGDPPCAPKN,NYGNPMKTPKN,NYGNPPCAPKN,SHMEDBEDSZS,SHMEDCMHWP3,SHMEDNUMWP3,SHXPDCHEXGDZS,SHXPDCHEXPCCD,SIDST10TH10,SIDST50MD,SIPOVGINI,SLUEMTOTLNEZS,SPRURTOTLZG,SPRURTOTLZS,SPURBGROW,SPURBTOTL,SPURBTOTLINZS
Afghanistan,AFG,56.937760009803,70.6999969482422,42.3311983623682,4011770,10.792339238057,..,111.72,515529924900,13868.626159752,..,..,..,..,..,..,..,..,..,..,..,2.05646291237639,74.505,3.35038297624495,9477100,25.495
Albania,ALB,104.612262773723,..,27.5063925379807,..,..,..,180.36,1511909900000,527463.912619977,..,..,..,..,..,..,..,..,..,..,12.3037996292114,-2.57812110197857,39.681,1.31716210445698,1728969,60.319
Algeria,DZA,17.7300750711665,..,8.78230990288061,2693542,6.37850392208528,..,5231.44,6123565479992.34,145010.497075142,..,..,..,..,1.5477,..,..,..,..,..,..,-0.0787864813063178,27.371,2.80499567674668,30670086,72.629
American Samoa,ASM,277.325,..,..,..,..,..,..,608000000,10961.8678445867,..,..,..,..,..,..,..,..,..,..,..,-0.140232809406397,12.847,-0.299515834872394,48339,87.153
Andorra,AND,163.842553191489,..,..,..,..,..,3.6,2621620000,34044.3601797263,..,..,..,..,..,..,..,..,..,..,..,0.742442541306233,11.938,-0.092859413109399,67813,88.062
Angola,AGO,24.7130520574316,48.5999984741211,38.515297744971,7774200,25.2329115687424,..,30.12,1554831956300,50465.5620611415,1432976698527.92,46510.4760798842,..,..,0.4075,..,..,39.6,22.8,51.3,..,1.33772918846896,34.486,4.31179134171658,20184707,65.514
Antigua and Barbuda,ATG,218.831818181818,..,..,..,..,..,5.63,3516470000,36521.0934092184,..,..,..,..,4.5171,..,..,..,..,..,..,1.04955132530507,75.401,0.431582289598593,23685,24.599
Arab World,ARB,37.3723656324824,31.0541898347393,29.0157688006458,..,23.5495001253376,..,58771.07,..,..,..,..,..,..,2.15553683295121,..,..,..,..,..,..,1.21623686701436,41.0745811133247,2.40937804106507,247363364,58.9254188866753
Argentina,ARG,16.2585100979651,14.6999998092651,36.6134837504002,19136241,43.0081024392632,..,8811.13,707329642300,15897.0122263645,680370555954.473,15291.1152023788,..,..,..,..,..,29.9,20.3,41.4,9.22049999237061,-0.461530370218559,8.13,1.14760215897919,40877099,91.87
Armenia,ARM,103.680224798033,9.30000019073486,57.9567675616692,1080324,36.5991186323081,0.18913,521.33,5339485715468.42,1808906.1349738,5405739004422.34,1831351.36420323,..,..,..,..,..,29.2,7.8,34.4,18.9659004211426,0.111575894443556,36.851,0.309165596528027,1864017,63.149
Aruba,ABW,588.027777777778,..,..,..,..,..,..,..,..,..,..,..,..,..,..,..,..,..,..,..,0.245722958311065,56.589,0.725179011284149,45948,43.411
Australia,AUS,3.24787091037205,..,22.3020126013875,15212363,60.8916182277904,..,53610.22,1849880000000,74046.4757034952,1792113000000,71734.1944950039,..,..,..,..,..,..,..,..,5.29829978942871,0.766974495363977,13.988,1.66174925937128,21488110,86.012
Austria,AUT,107.127966860564,..,36.8769086796647,1900547,21.4981334244894,3.17177,12362.28,368856790000,41723.4221829234,367852713972.163,41609.8456156784,..,..,..,..,..,..,..,..,4.84800004959106,0.0014647106450744,41.703,0.835905515118155,5153759,58.297
Azerbaijan,AZE,120.23431716463,..,41.2999163062584,2285729,22.9957913517323,0.18484,761.43,29183700000,2936.05355696826,..,..,..,..,..,..,..,..,..,..,4.90000009536743,0.108814371416153,44.32,1.47340015238086,5534464,55.68
"Bahamas, The",BHS,38.5254745254745,..,..,..,..,..,19.77,10763340000,27910.3308785396,10133259106.4537,26276.4731523019,..,..,4.5669,..,..,..,..,..,10,0.422509966602814,16.975,1.13169108074155,320178,83.025
Bahrain,BHR,2017.27369979138,..,40.2932266708532,..,..,..,321.51,12674430000,8075.77102391364,12012479192.1871,7653.99559472342,..,..,..,..,..,..,..,..,..,3.98289845200758,10.713,5.03433159069524,1401305,89.287
Bangladesh,BGD,1239.57931166936,47.2000007629395,33.1231636140144,24393966,15.1180991744598,..,3135.08,10224374000000,63365.301127651,10673251674776.5,66147.2092456146,..,..,0.4124,..,..,..,..,..,..,-0.163992721602528,63.368,3.1855928338674,59107944,36.632
Barbados,BRB,666.606976744186,..,..,..,..,..,37.97,9251000000,32273.819865267,..,..,..,..,3.06,..,..,..,..,..,..,0.159733507253324,68.853,0.104220957844381,89280,31.147
Belarus,BLR,46.7195037884204,33.2000007629395,26.8955113505554,2004672,21.1385270352219,0.60817,1179.81,79887300000,8423.82120776308,76975106561.9572,8116.74114817297,..,..,..,..,..,21.4,5.2,25.2,4.76000022888184,-2.28638686483029,21.405,0.43270187102989,7453556,78.595
Belgium,BEL,377.379590488771,..,18.3014399890272,3081719,26.9686220087872,2.82119,15688.13,437322600000,38270.8089066526,440108226385.091,38514.5835825307,..,..,19.4614,..,..,..,..,..,5.94820022583008,-1.52577216039863,1.999,0.496003003468172,11198627,98.001
Belize,BLZ,16.7939938623411,5,..,..,..,..,9.11,2813700000,7345.11356902506,2561800015.38902,6687.5331606648,..,..,2.3414,..,..,..,..,..,..,1.69819108240975,54.276,2.19397041149562,175155,45.724
Benin,BEN,101.853919829727,58.7999992370605,17.0698953919223,..,..,..,227.74,7844677000000,683033.888931069,7765042573011.79,676100.141071399,..,..,0.3888,..,..,..,..,..,..,1.70765432051284,52.688,3.89134692985346,5433806,47.312
Bermuda,BMU,1183.70368279874,..,..,..,..,0.25998,..,..,..,..,..,..,..,..,..,..,..,..,..,..,..,0,0.0735564578953911,63920,100
Bhutan,BTN,19.7775277714448,..,..,..,..,..,52.64,68015792500,90159.5088243013,61967450565.4789,82142.0246787208,..,..,1.8518,..,..,..,..,..,..,-0.0473104256560687,59.105,2.97300923031395,308509,40.895
Bolivia,BOL,10.4801458506416,48.5,23.0158036386824,4692891,41.3356144052457,..,102.8,48188730000,4244.52807865875,47026845848.9161,4142.18776167127,..,..,..,..,..,30.4,19.8,42.2,3.51859998703003,0.299853673569639,30.575,1.92007368157467,7881919,69.425
Bosnia and Herzegovina,BIH,64.92048828125,7.59999990463257,21.3625961100753,..,..,0.1988,703.79,31232141900,9396.15193344984,31138415712.3107,9367.9545237912,..,..,5.7333,..,..,..,..,..,18.4001998901367,-1.53732973233458,51.755,-0.0590360925903149,1603630,48.245
Botswana,BWA,3.97742487604327,..,..,..,..,..,280.57,96533000000,42825.0239782514,88928349162.7887,39451.3657012912,..,..,5.403,..,..,..,..,..,..,-0.214514078971425,30.554,3.27767698014147,1565400,69.446
Brazil,BRA,25.0617162430876,16.2999992370605,11.939294933562,87864411,41.9461931451321,..,60147.96,4082855848500,19491.4252603268,3966830465980.77,18937.5237375715,..,..,10.119,..,..,42.5,23.6,53.9,12.3338003158569,-1.13347499818324,13.431,1.08463813215672,181335507,86.569
British Virgin Islands,VGB,198.68,..,..,..,..,..,..,..,..,..,..,..,..,..,..,..,..,..,..,..,0.0256772372703575,52.277,1.5661305825538,14222,47.723
Brunei Darussalam,BRN,81.3969639468691,..,..,..,..,0.27764,293.91,18387100000,42864.1697866011,18503840780.9881,43136.3169254809,..,..,5.8974,..,..,..,..,..,8.69950008392334,-0.354715429633848,22.371,1.46107673789112,332999,77.629
Bulgaria,BGR,64.7110998526161,..,24.1475782545822,1272418,18.1126163463623,0.76803,3311.27,98950220000,14085.3663831237,99896172178.5163,14220.0207882914,..,..,..,..,..,..,..,..,5.21140003204346,-2.06940381379375,24.992,-0.269102082353336,5269340,75.008
Burkina Faso,BFA,72.1912828947368,57.0999984741211,43.6546158282195,2531381,12.8161228988025,..,251.99,8405115737400,425542.406572451,8155020266182.42,412880.328854564,..,..,..,..,..,..,..,..,4.69490003585815,2.00025945536628,70.642,4.98415981781227,5798656,29.358
Burundi,BDI,435.178271028037,47.7000007629395,61.726409750236,..,..,0.21028,21.12,1748034284900,156418.358725763,1752035376443.23,156776.386127004,..,..,..,..,..,..,..,..,..,2.7926299189904,86.968,5.70008634067739,1456375,13.032
Cabo Verde,CPV,134.929776674938,..,..,..,..,..,8.69,159239553300,292845.195276653,155452336027.015,285880.415742432,..,..,1.2983,..,..,..,..,..,12.1700000762939,-0.205329524049191,34.268,1.87888979052915,357429,65.732
Cambodia,KHM,92.0564128710628,45.0999984741211,51.370279144629,1952329,12.0144816569412,..,145.74,52849994069616.1,3252347.75654541,48850275398650.2,3006208.16324303,..,..,0.6855,..,..,..,..,..,..,0.959210084067151,76.612,3.25025074021303,3800503,23.388
Cameroon,CMR,53.3439889149796,33.7000007629395,25.7161651648096,7067759,28.0286031575607,..,875.62,16263900000000,644977.281899754,15910903704083.4,630978.512142133,..,..,..,..,..,..,..,..,..,1.25312426461781,43.626,3.67693315164019,14215401,56.374
Canada,CAN,4.07518823864492,0.00999999977648258,20.1611105562755,17022069,45.9338791748504,1.56625,59967.79,2115882957200,57096.8852870647,2088357023214.52,56354.1007725242,..,..,9.9438,..,..,..,..,..,5.83080005645752,1.07034028333426,18.589,1.47290288037893,30169097,81.411
Caribbean small states,CSS,18.1770161788317,33.4781153377733,..,..,..,..,567.95,..,..,..,..,..,..,2.33114477792733,..,..,..,..,..,..,0.283182568843728,48.8006384223868,0.906128378096099,3767742,51.1993615776132
Cayman Islands,CYM,267.391666666667,..,..,..,..,..,..,4304400000,67073.8928538037,..,..,..,..,..,..,..,..,..,..,..,..,0,1.2418234783193,64174,100
Central African Republic,CAF,7.49041221227006,95.4000015258789,44.0858978344213,..,..,..,20.47,740656000000,158721.852092105,..,..,..,..,..,..,..,..,..,..,..,0.866295374301074,58.636,2.45173611360753,1930200,41.364
Central Europe and the Baltics,CEB,92.7891540721796,5.46738955748757,16.9442991316079,..,..,1.20390523766202,89500.84,..,..,..,..,..,..,7.16556002636355,..,..,..,..,..,4.31275481611841,-0.421528150735412,37.666217552165,-0.0596309719102521,63915207,62.333782447835
Chad,TCD,12.2917336404066,86.9000015258789,37.0600571866467,1322679,8.54567953703351,..,15.45,5235523873400,338261.280556846,5167821579558.78,333887.111865205,..,..,..,..,..,..,..,..,1.13489997386932,2.7626781095386,76.941,3.89908834293785,3569015,23.059
Channel Islands,CHI,861.106093786457,..,..,..,..,..,..,..,..,..,..,..,..,..,..,..,..,..,..,..,1.08146072470969,69.086,1.08156592284642,52708,30.914
Chile,CHL,25.1894460666519,8.80000019073486,40.7339645446385,6680371,35.6682894481119,..,7121.74,153570668110240,8199549.15811708,146905052420370,7843654.08915134,..,..,13.3248,..,..,..,..,..,7.23309993743896,0.797709308534243,12.436,1.47555844683509,16400002,87.564
China,CHN,148.348833270666,24.6000003814697,3.10527790612515,388398439,27.8875617671767,2.18568,528263.25,84030897173540.7,60335.3824312973,83721625567237.7,60113.3210078319,..,..,..,..,..,..,..,..,3.79999995231628,-2.42046894260049,40.848,2.49162820140588,823827650,59.152
Colombia,COL,44.7487021180712,27.7999992370605,26.3666682749363,21794184,43.8968000864474,0.23699,7195.02,853600000000000,17192801.7831691,831581672425944,16749319.1899432,..,..,1.3309,..,..,39.7,20.4,50.4,9.11069965362549,-0.195168134279588,19.222,1.92912026786277,40105215,80.778
Comoros,COM,447.244477540227,68.4000015258789,..,..,..,..,3.28,409169000000,491599.405037954,411728612008.823,494674.671592032,..,..,..,..,..,..,..,..,..,1.98475846696456,71.035,2.8658559669186,241082,28.965
"Congo, Dem. Rep.",COD,37.0825923557045,77.5,35.2392413310837,20259574,24.0990056500748,..,148.72,12128808595600,144273.629284624,11757745441447.7,139859.788673537,..,..,1.1101,..,..,..,..,..,..,2.18782289971842,55.54,4.53982452244543,37376673,44.46
"Congo, Rep.",COG,15.3568462664715,47.7999992370605,63.5363623359297,3367302,64.2080267899076,..,66.68,1631100814400,311019.81582892,1382312032030.82,263580.540101976,..,..,0.6271,..,..,..,..,..,..,1.20979341282075,33.084,3.26700441390168,3509318,66.916
Costa Rica,CRI,97.9130630630631,3.90000009536743,34.2298205294467,1357745,27.1579362572736,..,507.41,28499535297500,5700544.38036172,26898417564592.4,5380285.0287847,..,..,3.4144,..,..,36.3,19.2,48,9.63199996948242,-2.71104464606594,20.66,1.98274148495537,3966556,79.34
Cote d'Ivoire,CIV,78.8340534591195,60.0999984741211,38.6552483035222,4920776,19.6287488538239,..,248.14,33284621932400,1327708.24074406,32191114739790.6,1284088.74240969,..,..,0.6048,..,..,..,..,..,..,1.63623051396933,49.221,3.44846173720778,12729904,50.779
Croatia,HRV,73.0493745532523,..,29.4508278691905,..,..,0.97489,4276.9,372335000000,91083.4882846528,366791990319.761,89727.514075213,..,..,..,..,..,..,..,..,8.43220043182373,-1.54174402567093,43.053,-0.400587697691305,2327904,56.947
Cuba,CUB,108.999596231494,6.59999990463257,24.4599356510304,2136468,18.843199826991,..,968.74,57025000000,5029.48544108389,..,..,..,..,7.5614,..,..,..,..,..,1.70000004768372,-0.270836715255673,22.963,0.068028841812254,8734561,77.037
Curacao,CUW,..,..,..,..,..,..,..,3815344200,23875.7459324155,..,..,..,..,..,..,..,..,..,..,13.4300003051758,0.300231172402558,10.855,-0.299297540611532,142454,89.145
Cyprus,CYP,128.708333333333,..,..,..,..,0.55859,1245.42,20677750000,23765.6711889186,19946153451.6182,22924.8213376635,..,..,..,..,..,..,..,..,8.36970043182373,0.887598613543349,33.19,0.77031383453709,794548,66.81
Czech Republic,CZE,137.657705257705,..,16.4654012296731,1291552,12.1501481477579,1.92829,15576.6,5053179365000,475372.868470981,4778184720286.48,449503.018297629,..,..,..,..,..,..,..,..,2.24329996109009,-0.110997956104683,26.208,0.493103393300873,7844036,73.792
Data from database: World Development Indicators,,,,,,,,,,,,,,,,,,,,,,,,,,
Denmark,DNK,137.976565849012,0.00100000004749745,25.9438235351889,1320826,22.7978768427979,3.06408,13978.8,2196565291300,379134.15535598,2253122298349.67,388896.074649783,..,..,..,..,..,..,..,..,5.13119983673096,-0.46451835692407,12.126,0.629088602704045,5091100,87.874
Djibouti,DJI,41.3684210526316,64.5,75.2949442156877,..,..,..,6.16,510136831500,531991.022713052,527222746799.596,549808.896257869,..,..,..,..,..,..,..,..,..,0.978962185634435,22.223,1.72390198898162,745819,77.777
Dominica,DMA,95.5,..,..,..,..,..,12.6,1159670000,16190.8551483421,..,..,..,..,6.4385,..,..,..,..,..,..,-0.78210057082814,29.517,0.661813153617232,50483,70.483
Dominican Republic,DOM,219.97857586421,14.8000001907349,36.8175557007141,3172152,29.8494659676405,..,49.26,2500289853700,235273.457568411,2388674161605.45,224770.591367072,..,..,1.3802,..,..,35.2,14.2,43.7,5.86129999160767,-3.04606244798022,18.926,2.06676245726519,8615868,81.074
Early-demographic dividend,EAR,98.111144728063,31.7231783184867,17.5880240015816,..,18.7951143173853,..,357984.941513648,..,..,..,..,..,..,1.97378709973757,..,..,..,..,..,5.91419524843555,0.565474054094437,54.8703993026394,2.2214207639651,1465917491,45.1296006973606
East Asia & Pacific,EAS,95.428211475338,26.404670109501,11.6539751127308,..,..,2.51109311567032,866663.165708603,..,..,..,..,..,..,3.42208574043904,..,..,..,..,..,3.46920945489316,-1.45419107739617,40.9481242542379,2.08718550138617,1374809196,59.0518757457621
East Asia & Pacific (IDA & IBRD countries),TEA,130.185452991291,26.404670109501,7.45975370093065,..,..,2.04725977166555,598781.99430049,..,..,..,..,..,..,2.63424114557604,..,..,..,..,..,3.49939145019356,-1.50253939657226,44.4449079814641,2.45005591699648,1142248481,55.5550920185359
East Asia & Pacific (excluding high income),EAP,130.809797542712,26.404670109501,7.62038819041426,..,..,2.04725977166555,598879.286126005,..,..,..,..,..,..,2.65644416042007,..,..,..,..,..,3.49939145019356,-1.48803198380108,44.3666825247595,2.42753879206438,1158084885,55.6333174752405
Ecuador,ECU,68.7886817522951,20.1000003814697,26.5861487148008,4721193,27.6345957884163,..,2142.19,71870517000,4206.80257383992,69969803577.6538,4095.54796692985,..,..,2.5059,..,..,34.4,19.3,45.4,3.52959990501404,1.34911264130179,36.179,2.00248962909365,10903407,63.821
"Egypt, Arab Rep.",EGY,98.8734692852479,5.19999980926514,47.7649634748908,25162242,25.5652539413948,0.72388,13326.67,3654400000000,37129.3082720663,3562099571910.12,36191.5206603673,..,..,1.9262,..,..,..,..,..,9.81729984283447,2.03500691329673,57.296,2.03092130898479,42030812,42.704
El Salvador,SLV,309.881467181467,22.3999996185303,23.9316479587026,1106698,17.2362891278643,..,45.44,24847180000,3869.82879242655,23444452847.5577,3651.36078428881,..,..,1.8344,..,..,29.4,15.3,38.6,4.00570011138916,-2.12911339453767,27.977,1.55334406830393,4624412,72.023
Equatorial Guinea,GNQ,46.6657397504456,64.9000015258789,39.8054499842746,..,..,..,2.6,5375527580789.62,4106672.53955359,4229952258656.03,3231502.12201009,..,..,..,..,..,..,..,..,..,1.88608839027839,27.857,4.34581444152726,944333,72.143
Eritrea,ERI,..,..,..,..,..,..,21.37,..,..,..,..,..,..,1.4397,..,..,..,..,..,..,..,..,..,..,..
Estonia,EST,30.4112491373361,..,47.9944606612503,..,..,1.42515,1414.72,23629174300,17874.1190656116,23181590492.1261,17535.5475111338,..,..,11.1558,..,..,..,..,..,5.36600017547607,-0.174374312565055,31.12,0.58496349021078,910578,68.88
Eswatini,SWZ,66.0576162790698,32.0999984741211,..,..,..,..,34.05,41831719100,36817.5061235303,38000374289.9192,33445.4104018772,..,..,4.1415,..,..,..,..,..,..,0.783738420943367,76.201,1.74553277780684,270402,23.799
Ethiopia,ETH,109.224559,64.3000030517578,19.4003737935325,4399674,4.02809957786142,..,1994.44,1835179678000,16801.8959728645,1826555607136.55,16722.9387223852,..,..,0.7135,..,..,..,..,..,..,2.04993924787426,79.237,4.82593017790277,22678295,20.763
Euro area,EMU,127.60466912955,..,15.6943788449661,..,19.4785558911951,2.20985723384949,414171.55,..,..,..,..,..,..,9.80563521611356,..,..,..,..,..,8.17984422759148,-0.757517046190259,23.0082871485951,0.488681668193138,263190902,76.9917128514049
Europe & Central Asia,ECS,33.4651318902801,..,16.8117352008596,..,20.5105178725931,1.97688679674698,794017.985067441,..,..,..,..,..,..,8.32169418043851,..,..,..,..,..,7.01656139864152,-0.329165516809653,27.7898076733727,0.634635158107216,661536012,72.2101923266272
Europe & Central Asia (IDA & IBRD countries),TEC,19.9783003024588,..,17.2989717938006,..,20.7776208743287,0.866813533303776,191667.3,..,..,..,..,..,..,6.86728078783501,..,..,..,..,..,6.93412071441351,-0.0567406201762992,33.6699857584596,0.689049699485494,303243022,66.3300142415404
Europe & Central Asia (excluding high income),ECA,17.7575359364548,..,18.0072056080692,..,23.0785798002266,0.814701919555448,141382.75,..,..,..,..,..,..,6.82619937430457,..,..,..,..,..,7.37559742018125,-0.0101013218296657,32.3640693970563,0.810819848288219,267593458,67.6359306029436
European Union,EUU,111.784864172318,..,15.8638061111352,..,17.4105429274947,2.18415069905409,524444.25,..,..,..,..,..,..,9.31452488007676,..,..,..,..,..,7.26597470462843,-0.666187452232876,25.4850420490126,0.425336869589216,332916196,74.5149579509874
Faroe Islands,FRO,34.7399698278226,..,..,..,..,..,..,..,..,..,..,..,..,..,..,..,..,..,..,..,0.0818927962308011,57.936,0.703448801850133,20400,42.064
Fiji,FJI,48.3570333880679,11.1999998092651,..,..,..,..,139.78,10734642800,12150.3671264756,..,..,..,..,3.3752,..,..,..,..,..,..,-0.465875221713094,43.752,1.58797724617295,496942,56.248
Finland,FIN,18.1485472672831,..,27.161260374759,1279096,23.1908295221216,2.77381,10598.94,227494883700,41246.2791302732,228292249312.456,41390.8466215739,..,..,..,..,..,..,..,..,7.36119985580444,-0.256536014525473,14.618,0.199422968266274,4709266,85.382
Fragile and conflict affected situations,FCS,47.1192202909152,57.9537009826374,25.3393493302731,..,17.7112735260199,..,18436.1810440857,..,..,..,..,..,..,1.02430727090731,..,..,..,..,..,..,1.44120879952993,55.4924275671346,3.19944786609105,346567359,44.5075724328654
France,FRA,122.299437237519,..,20.2356418476475,15244343,22.7643326951181,2.20002,66352.18,2314201919200,34557.9093912736,2365899052438.31,35329.9011658097,..,..,11.4707,..,..,..,..,..,9.01650047302246,-1.18920314634855,19.556,0.480451975332608,53870058,80.444
French Polynesia,PYF,75.8685792349727,..,..,..,..,..,..,..,..,..,..,..,..,..,..,..,..,..,..,..,0.43783610926408,38.166,0.650333739060976,171700,61.834
Gabon,GAB,8.22476423332169,36.5999984741211,42.9509354824403,..,..,..,63.78,5530919212500,2609816.66489719,..,..,..,..,..,..,..,..,..,..,..,-1.03642971893056,10.63,3.04478422807304,1893996,89.37
"Gambia, The",GMB,225.30652173913,27.1000003814697,31.2924386085219,..,..,0.0713,33.83,57777816000,25340.0137362276,56743996441.1765,24886.604389267,..,..,..,..,..,..,..,..,10.1648998260498,1.22915104668885,38.73,4.0478524176413,1397018,61.27
Georgia,GEO,65.197330207495,34.0999984741211,49.3069864298954,1077333,28.909669509243,0.30457,550.41,38395400000,10303.2054589917,36853271110.7583,9889.38320970913,..,..,4.7293,..,..,27.5,14.6,36.4,12.6669998168945,-1.00370378841174,41.368,0.647230647092237,2184950,58.632
Germany,DEU,237.30759674834,0.00999999977648258,5.54186916592983,7944887,9.58303125347759,3.09415,104396.12,3222479450000,38869.1762174079,3312426949988.84,39954.1126092851,..,..,..,..,..,..,..,..,3.38350009918213,0.0759898177879571,22.688,0.366515155973305,64096118,77.312
Ghana,GHA,130.821429199262,30.3999996185303,18.3654162432694,5504107,18.4905668363887,..,1275.99,154547672700,5191.894110103,..,..,..,..,4.2001,..,..,..,..,..,..,0.71764061306543,43.94,3.36449369189313,16687441,56.06
Gibraltar,GIB,3371.8,..,..,..,..,..,..,..,..,..,..,..,..,..,..,..,..,..,..,..,..,0,-0.0296533525287643,33718,100
Greece,GRC,83.2651823118697,3,37.1894505281076,3155600,29.4012363128561,1.17732,10906.99,183056492300,17055.6698843796,182089868261.699,16965.6079570892,..,..,..,..,..,..,..,..,19.2915992736816,-1.78520501888517,20.942,0.220496953517559,8485202,79.058
Greenland,GRL,0.136491655500061,..,..,..,..,..,30,15537100000,277334.309123039,..,..,..,..,..,..,..,..,..,..,..,-2.09010824057939,13.184,0.0143933708494783,48637,86.816
Grenada,GRD,327.805882352941,6,..,..,..,..,46.17,2467760000,22141.5112961401,..,..,..,..,6.2837,..,..,..,..,..,..,0.351186849425991,63.728,0.822129986088672,40427,36.272
Guam,GUM,306.977777777778,..,..,..,..,..,..,5203000000,31387.2399980696,..,..,..,..,..,..,..,..,..,..,..,-0.645089208600075,5.22,0.986937432372511,157115,94.78
Guatemala,GTM,152.547125793206,31,34.1622560501293,2851104,17.4411985110372,..,99.89,494253422000,30235.2073016679,483805970276.965,29596.1002068866,..,..,0.0737,..,..,..,..,..,..,0.839175698960119,48.946,2.33564723328312,8345772,51.054
Guinea,GIN,50.5222122741332,50.0999984741211,41.0811684295341,1843121,14.8467358416306,..,27.84,63782389000000,5137808.53688459,59880034870352.3,4823465.52346672,..,..,..,..,..,..,..,..,..,2.29122216753871,63.86,3.79794652024178,4486535,36.14
Guinea-Bissau,GNB,66.6539473684211,74.4000015258789,68.7091177556294,..,..,..,15.01,501140084800,267373.247847607,500331881381.82,266942.047112733,..,..,0.6851,..,..,..,..,..,..,1.76375269884414,56.64,3.45547607315278,812700,43.36
Guyana,GUY,3.95734823469647,31.1000003814697,..,..,..,..,13.7,470087500000,603446.837243454,458093062942.089,588049.692866903,..,..,1.0398,..,..,..,..,..,14.0190000534058,0.394134934763426,73.394,0.742878546557036,207262,26.606
Haiti,HTI,403.59854862119,65.9000015258789,42.8834760823847,2636763,23.7051270248713,..,29.18,16277000900,1463.34112667102,16403944669.9818,1474.75367376924,..,..,0.6798,..,..,..,..,..,..,-0.788559125460227,44.722,2.97438496504292,6148669,55.278
Heavily indebted poor countries (HIPC),HPC,44.8957816454125,58.4794797501346,32.1849699778551,..,14.1460676232578,..,8868.9156894577,..,..,..,..,..,..,0.832453616914615,..,..,..,..,..,..,2.04326983236143,63.9915347372492,4.12525150962479,280950435,36.0084652627508
High income,HIC,34.7828915938853,..,19.3963866707588,..,..,2.58993422834337,1450445.77223241,..,..,..,..,..,..,10.9064394640709,..,..,..,..,..,5.13542228407632,-0.499888378598897,19.1400522861518,0.674613470412027,994964231,80.8599477138482
Honduras,HND,85.6870319063366,38.5999984741211,24.8998555376855,1363041,14.2168226576168,..,45.1,214715900000,22395.3488711682,198956439228.655,20751.601845467,..,..,0.7357,..,..,39.1,25,52.1,5.64830017089844,0.18870673391594,42.904,2.79258669978111,5474092,57.096
"Hong Kong SAR, China",HKG,7096.19047619048,..,99.7032210441551,7428887,99.7032210441551,0.86096,..,2735484000000,367129.781237418,2865926990193.9,384636.557535083,..,..,..,..,..,..,..,..,..,..,0,0.799050247136158,7451000,100
Hungary,HUN,107.981486799956,13.6000003814697,25.2258972556557,1759497,17.9989308033787,1.55484,6700.92,38976483161400,3987133.95579017,37435880745355.1,3829536.66359865,..,..,6.9157,..,..,..,..,..,3.70849990844727,-1.1305200093789,28.649,0.279085901553299,6974963,71.351
IBRD only,IBD,67.3180797474796,25.5767935166854,12.530733278048,..,23.4448195343421,1.5500975041826,1134258.57396341,..,..,..,..,..,..,3.00194359582569,..,..,..,..,..,5.33716645500388,-0.482330134332273,44.9849410490678,1.99864559732754,2628204097,55.0150589509323
IDA & IBRD total,IBT,68.6892101718745,30.9928609321969,15.234865197398,..,21.2954613041183,1.54579776689226,1169198.15117054,..,..,..,..,..,..,2.53690904749929,..,..,..,..,..,5.30269694997034,0.145549870152095,49.5769027341624,2.30223357733861,3231580666,50.4230972658376
IDA blend,IDB,125.673773106878,46.7746412049201,18.867095325621,..,..,..,21699.2,..,..,..,..,..,..,1.61845773899879,..,..,..,..,..,..,1.45599027264642,57.7716484783447,3.43456487179279,231882302,42.2283515216553
IDA only,IDX,60.2598970012306,56.6790292123306,32.2487079943393,..,13.1548896706187,..,13241.1487923632,..,..,..,..,..,..,0.912777737516846,..,..,..,..,..,..,1.49601924398064,65.68401692391,3.77836080792603,371494267,34.31598307609
IDA total,IDA,73.040031848536,52.8754888151784,27.0953940162008,..,14.7269395537701,..,34939.9787094466,..,..,..,..,..,..,1.14449620906456,..,..,..,..,..,..,1.48366694005564,63.0212459785297,3.64596732175471,603376569,36.9787540214703
Iceland,ISL,3.51841396508728,..,..,..,..,2.02994,680.89,2654702877600,7526353.34329399,..,..,..,..,16.2132,..,..,..,..,..,2.7039999961853,2.03214806602448,6.187,2.72089370362867,330898,93.813
India,IND,454.938072575247,35.2000007629395,6.19464475222521,208777575,15.4350806157941,0.64998,135787.79,139814256807717,103365.714687722,138322634631769,102262.947374994,..,..,1.7271,..,..,..,..,..,5.32969999313354,0.38762705356096,65.97,2.30896547809895,460295677,34.03
Indonesia,IDN,147.75219008926,30.6000003814697,7.10196276396912,35822488,13.3834074123722,0.22634,26947.57,1.04253973E+16,38949650.7059322,1.01325797632871E+16,37855674.0979098,..,..,2.4149,..,..,29.3,..,37.8,4.40299987792969,-0.345993587577929,44.675,2.34486951482515,148084795,55.325
"Iran, Islamic Rep.",IRN,50.222420123284,25.2999992370605,14.5200207649286,21258844,25.9887213818331,..,48305.64,..,..,..,..,..,..,..,..,..,..,..,..,12.0600004196167,-0.601435975212651,25.102,2.06166855372816,61266765,74.898
Iraq,IRQ,88.5305700354617,45.7000007629395,25.1499973546547,9638173,25.0774660713542,0.04306,6073.39,201665434000000,5247112.78672828,..,..,..,..,2.0448,..,..,..,..,..,..,1.66021819660568,29.527,2.59555117050786,27085311,70.473
Ireland,IRL,70.6534475250399,..,39.0747797172002,1201426,24.6835422232705,1.14647,7174.11,318772147200,65492.387837568,252478535825.715,51872.2301625198,..,..,..,..,..,..,..,..,5.74049997329712,0.635216255554204,36.83,1.5925156797727,3074684,63.17
Isle of Man,IMN,147.50350877193,..,..,..,..,..,..,..,..,..,..,..,..,..,..,..,..,..,..,..,0.29896890634628,47.412,0.817554628660754,44214,52.588
Israel,ISR,410.480591497227,..,48.858904760037,5145820,57.930157157653,4.95278,12234.69,1297912110500,146115.201344171,1298588990110.96,146191.402498194,..,..,..,..,..,..,..,..,3.99799990653992,0.850982671095507,7.58199999999999,2.01538441058595,8209306,92.418
Italy,ITA,205.418372203713,..,9.89126402356548,11325548,18.7441544238367,1.39909,71240.28,1718338300000,28439.0640060799,1737055299939.85,28748.8365108836,..,..,5.7401,..,..,..,..,..,10.6099996566772,-1.17966998936664,29.562,0.228197851468404,42559879,70.438
Jamaica,JAM,270.993074792244,57.0999984741211,36.0526723261591,..,..,..,163.85,892472000000,304094.069383326,852710249748.678,290545.955336355,..,..,0.8068,..,..,..,..,..,9.10369968414307,-0.187309476643299,44.326,1.01130784740472,1633951,55.674
Japan,JPN,347.073458415624,..,32.3223008102939,81773280,64.6280420867611,3.26451,98792.5,547437340544500,4326572.62672776,567327691625206,4483772.44147952,..,..,12.1531,..,..,..,..,..,2.40000009536743,-1.16415937815414,8.384,-0.114218709913591,115920900,91.616
Jordan,JOR,112.14249831043,23.3999996185303,22.7932168226138,2064582,20.7370401659862,..,2627.29,28969800000,2909.77983049637,28830250555.1348,2895.7632283788,..,..,2.8212,..,..,..,..,..,..,-0.747092075585959,9.021,2.04748515667235,9057879,90.979
Kazakhstan,KAZ,6.76982572137645,..,17.4260191763813,2897118,15.8516030846937,0.12286,2367.46,14148293686400,774124.960883508,11906790640007.6,651480.951890627,..,..,..,..,..,..,..,..,4.84999990463257,1.09889721047574,42.572,1.47511306482708,10495828,57.428
Kenya,KEN,90.2994166637383,46.5,31.5721355695063,5599781,10.8959973350461,..,1246.76,4792173500000,93245.6281505987,4714362868235.33,91731.5967333949,..,..,1.1656,..,..,..,..,..,..,1.66663703834948,72.97,4.05252270231374,13891531,27.03
Kiribati,KIR,143.020987654321,..,..,..,..,..,0.62,192670000,1663.14190268199,371181702.043298,3204.06831461581,..,..,3.8342,..,..,..,..,..,..,-0.245827162894183,45.943,2.94934929072126,62623,54.057
"Korea, Dem. Peopleâ€™s Rep.",PRK,212.190175234615,..,19.2086389435097,3037862,11.8899550716974,..,87.42,..,..,..,..,..,..,..,..,..,..,..,..,..,-0.108234007909721,38.101,0.82779442511481,15815082,61.899
"Korea, Rep.",KOR,529.358501289308,..,23.70102873224,25893097,50.1739708537079,4.81009,66376.17,1.8077359E+15,35029138.599296,1.81246878669094E+15,35120849.4204794,..,..,7.3009,..,..,..,..,..,3.82399988174438,0.712926785813866,18.541,0.421334442612677,42038247,81.459
Kosovo,XKX,..,..,..,..,..,..,278.43,5472944562.84731,3045.45670507923,5578205624.15948,3104.02992855623,..,..,..,..,..,..,..,..,29.4200000762939,..,..,..,..,..
Kuwait,KWT,232.172390572391,..,72.2515004911401,2989270,72.2515004911401,0.06192,1003.84,39262900000,9489.95386376469,44735040111.9237,10812.5855898525,..,..,7.4145,..,..,..,..,..,..,..,0,1.98246273293475,4137312,100
Kyrgyz Republic,KGZ,32.9655891553702,9.69999980926514,43.3483539208345,..,..,..,137.06,317031342211.006,50140.9727037082,306579021509.038,48487.8568844559,..,..,..,..,..,23.6,3.8,27.7,4.53709983825684,1.65154697537392,63.649,2.58628057143274,2298401,36.351
Lao PDR,LAO,30.5957842287695,21.1000003814697,26.8934100921996,..,..,..,86.91,123696000000000,17516940.7889846,..,..,..,..,0.9522,..,..,..,..,..,..,0.574254294072397,64.996,3.38167367903949,2471810,35.004
Last Updated: 10/15/2020,,,,,,,,,,,,,,,,,,,,,,,,,,
Late-demographic dividend,LTE,51.3900278827792,22.0583277111311,10.3469756240378,..,27.9135077339825,1.85103437309155,821699.001845436,..,..,..,..,..,..,4.00824211236685,..,..,..,..,..,4.71548202852339,-1.70819582569894,37.5477113390043,1.94334722035883,1428804558,62.4522886609957
Latin America & Caribbean,LCN,31.9606855829336,20.7561105913984,23.2252197237137,..,38.0797817831806,..,108227.614330182,..,..,..,..,..,..,5.06103799478191,..,..,..,..,..,8.03648292400964,-0.314099731858747,19.3752081652397,1.23516770453622,516335312,80.6247918347603
Latin America & Caribbean (excluding high income),LAC,31.9740951252252,21.1724569912153,21.7701525482386,..,37.8470797353673,..,99168.16,..,..,..,..,..,..,4.8414944191284,..,..,..,..,..,8.08760958931593,-0.34509257947667,19.554898913075,1.26232579661634,489197179,80.445101086925
Latin America & the Caribbean (IDA & IBRD countries),TLA,31.3689062356742,21.0032463046219,22.8536503860314,..,38.2323356085424,..,106588.64,..,..,..,..,..,..,5.01687810063641,..,..,..,..,..,8.14703120651069,-0.310275422575927,19.3559763176268,1.28933550571386,503758100,80.6440236823732
Latvia,LVA,30.9934705693149,..,48.5136858777885,..,..,0.63068,1417.73,26906242000,13961.501141049,26425538517.4413,13712.0667451103,..,..,..,..,..,..,..,..,7.41230010986328,-0.989293510684483,31.858,-0.680734206500191,1313215,68.142
Least developed countries: UN classification,LDC,56.8413289019083,58.8844629542078,33.3342672035106,..,12.8459230061536,..,10876.0322194657,..,..,..,..,..,..,0.72423436232138,..,..,..,..,..,..,1.55551542792342,66.431939917901,3.99627344894107,338924137,33.568060082099
Lebanon,LBN,669.494134897361,61.0999984741211,39.311165343918,2385271,34.8269399942327,..,1776.31,64161720848300,9368144.75969587,63754377321100.5,9308669.21759261,..,..,1.6735,..,..,..,..,..,..,-0.885024117426233,11.407,0.727747260731819,6067668,88.593
Lesotho,LSO,69.437812911726,53.5999984741211,..,..,..,..,18.54,23554232441.3657,11173.0349149701,26958024387.5121,12787.6358726646,..,..,3.2567,..,..,..,..,..,..,0.209312876786566,71.847,2.31004152441553,593502,28.153
Liberia,LBR,50.0309073920266,70.3000030517578,57.5385757549326,1418300,29.4315577766817,..,25.39,1436000000,297.988556492384,1313119326.03154,272.489228737041,..,..,0.5321,..,..,..,..,..,..,1.52743735998093,48.849,3.34403640334755,2464955,51.151
Libya,LBY,3.79563238119054,..,21.6414632240592,1157746,17.3352457196282,..,161.9,34178209800,5117.59630471627,..,..,..,..,..,..,..,..,..,..,..,0.0536677557367078,19.898,1.83231214599096,5349666,80.102
Liechtenstein,LIE,236.9375,..,..,..,..,..,30.4,..,..,..,..,..,..,..,..,..,..,..,..,..,0.262091018474692,85.662,0.460957762829909,5436,14.338
Lithuania,LTU,44.7230757742448,..,28.2721079968102,..,..,0.94496,2267.3,41355854400,14761.813186519,40019189088.0921,14284.6956438263,..,..,9.8472,..,..,..,..,..,6.14709997177124,-1.4571605741724,32.321,-0.713094844211595,1896056,67.679
Low & middle income,LMY,69.1712662558264,31.3623310940261,15.094897389918,..,21.3175857333484,1.56817158119884,1111823.75476107,..,..,..,..,..,..,2.47621607119465,..,..,..,..,..,5.31034570484874,0.147729448627331,49.6807116707742,2.32512073031262,3200115574,50.3192883292259
Low income,LIC,52.0668028036382,66.2333259613914,31.6556284515171,..,12.2796793990821,..,5307.82,..,..,..,..,..,..,0.91258403091828,..,..,..,..,..,..,1.99334624218217,67.1055821151392,3.87309359427974,214250417,32.8944178848608
Lower middle income,LMC,131.060701635225,36.9843528703459,17.2333975658509,..,16.2225905633093,..,213355.474790202,..,..,..,..,..,..,1.79275311419672,..,..,..,..,..,5.06531059975511,0.673799320006751,60.789951051233,2.66579359200973,1126268569,39.210048948767
Luxembourg,LUX,250.185185185185,..,..,..,..,1.23562,869.1,57152595000,94008.7095978288,36237654128.7822,59606.3066515046,..,..,..,..,..,..,..,..,5.58540010452271,-0.848101406857531,9.01900000000001,2.20836515702366,553119,90.981
"Macao SAR, China",MAC,20777.5002607232,..,100,..,..,0.20351,..,429497000000,679975.49221387,391948937953.551,620529.76390445,..,..,..,..,..,..,..,..,1.79999995231628,..,0,1.44331136552005,631636,100
Madagascar,MDG,45.1398556204881,61.2000007629395,31.3127141278542,3058387,11.6455111740114,..,127.41,21234800737900,808563.825543074,20626822734883.1,785413.666234634,..,..,0.146,..,..,..,..,..,..,1.61011591685124,62.809,4.48480404056497,9767237,37.191
Malawi,MWI,192.440761561307,65.0999984741211,33.5067181744607,1029639,5.675032374183,..,231.21,1406409357127.81,77516.6697556544,1365687516331.31,75272.2154871536,..,..,0.4386,..,..,..,..,..,..,2.37380610080348,83.063,3.96730609077091,3072933,16.937
Malaysia,MYS,95.9628214883579,..,31.5516970601393,7563912,23.9906484861277,..,23661.33,1361533000000,43184.0820005084,1312982592322.77,41644.1966019969,..,..,..,..,..,..,..,..,3.29999995231628,-1.07563023291714,23.964,2.13016306751883,23973075,76.036
Maldives,MDV,1718.98666666667,30.1000003814697,..,..,..,..,7.44,71025890100,137728.216042009,..,..,..,..,6.4282,..,..,..,..,..,..,3.10464356286811,60.192,4.89404521465671,205288,39.808
Mali,MLI,15.635015858186,47.2000007629395,30.2795009149134,2446749,12.8251848101107,..,90.37,5172484738100,271127.413124964,5028743673920.4,263592.902176333,..,..,0.3585,..,..,..,..,..,1.61989998817444,1.65700679116955,57.644,4.87623694042438,8080546,42.356
Malta,MLT,1514.46875,..,..,..,..,0.57462,422.02,10512836266,21692.4999814291,9606382970.45294,19822.0972091141,..,..,9.4833,..,..,..,..,..,3.65820002555847,2.27366147309671,5.38800000000001,3.56178437178253,458518,94.612
Marshall Islands,MHL,324.516666666667,..,..,..,..,..,2.31,201651800,3452.17331758341,261201118.021884,4471.6264876292,..,..,3.339,..,..,..,..,..,..,-1.10441029155532,22.969,1.12641992007965,44996,77.031
Mauritania,MRT,4.27216357815077,73.1999969482422,51.004485583805,1205414,27.375123174133,0.01419,20.32,225063475300,51112.2349527709,223881541653.157,50843.8161425863,..,..,0.9252,..,..,..,..,..,..,0.966582302717727,46.328,4.37299545808061,2363349,53.672
Mauritius,MUS,623.30197044335,..,..,..,..,0.34597,126.94,358261551200,283142.892413912,387778079608.732,306470.528884174,..,..,..,..,..,..,..,..,6.42649984359741,0.135712779966171,59.207,-0.0631393851909479,516155,40.793
Mexico,MEX,64.9146264050001,16,21.3355771014877,51371061,40.7090420895066,0.31223,16345.64,18551620000000,147012.474476346,18072228414331.9,143213.531675005,..,..,2.3961,..,..,36.4,15.3,45.4,3.28290009498596,-0.319436704089815,19.844,1.48761995074654,101149488,80.156
"Micronesia, Fed. Sts.",FSM,160.914285714286,..,..,..,..,..,4.37,251081200,2229.05894886364,..,..,..,..,2.0426,..,..,..,..,..,..,0.931194599106093,77.297,1.47327962209575,25573,22.703
Middle East & North Africa,MEA,39.9977120870057,24.0697208815784,25.8665513329474,..,25.9764785027807,..,119302.31,..,..,..,..,..,..,2.54293627373124,..,..,..,..,..,..,0.805616729332527,34.6280140445934,2.2349599951105,293463318,65.3719859554066
Middle East & North Africa (IDA & IBRD countries),TMN,43.8129297485221,25.2023228264901,23.9811704317,..,21.8959781901153,..,88542.52,..,..,..,..,..,..,2.00868081163002,..,..,..,..,..,..,0.841896960050789,38.5854570017155,2.20688628446415,232348184,61.4145429982845
Middle East & North Africa (excluding high income),MNA,44.3111694561864,25.2023228264901,23.9129400407584,..,21.8959781901153,..,88918.47,..,..,..,..,..,..,2.00868081163002,..,..,..,..,..,..,0.846129206540809,38.4094524824717,2.21748638385668,235828183,61.5905475175283
Middle income,MIC,71.8641486028969,28.8913688408416,13.9117161679637,..,22.2972934608409,1.56896200529394,1106516.9899547,..,..,..,..,..,..,2.65254483662818,..,..,..,..,..,5.30607037067736,-0.142373906192233,47.6924991225263,2.21581828659664,2985865157,52.3075008774737
Moldova,MDA,94.2644302783293,59.2000007629395,44.1854880795311,..,..,0.25498,210.37,118068029052.948,43631.1497141951,124074618491.892,45850.8395420378,..,..,..,..,..,22,3.8,25.7,4.11269998550415,-1.92393368114214,57.371,-1.62947620514833,1153562,42.629
Monaco,MCO,..,..,..,..,..,..,45.12,5720647200,147889.126725609,..,..,..,..,..,..,..,..,..,..,..,..,0,0.752527100059372,38682,100
Mongolia,MNG,2.04060866654651,38.2999992370605,70.0685162884606,1520381,47.9583989441702,0.10293,140.85,18115852233913.2,5714404.93302433,16195890579063.7,5108778.53410997,..,..,3.8938,..,..,25.7,9.9,32.7,5.37659978866577,1.5364964961763,31.555,1.91587989993137,2169849,68.445
Montenegro,MNE,46.2622304832714,27.1000003814697,..,..,..,0.36763,249.51,2980807469.77335,4790.54664900969,3021621610.07534,4856.14029940092,..,..,5.2294,..,..,..,..,..,15.1749000549316,-1.03099656786116,33.187,0.480793341517984,415729,66.813
Morocco,MAR,80.7285189334528,9.19999980926514,16.3704746014871,7829698,21.7315718183433,..,5056.77,979508000000,26765.0439085225,958481427564.54,26190.4930784315,..,..,..,..,..,..,..,..,..,-0.190292414707137,37.547,2.12728534350062,22501278,62.453
Mozambique,MOZ,37.508535313716,77.1999969482422,15.4064147107958,2737163,9.27978887415166,..,139.25,660376044700,22388.693228585,646509574303.305,21918.5790347609,..,..,0.6847,..,..,..,..,..,..,2.08424668664389,64.012,4.40559134724532,10615007,35.988
Myanmar,MMR,82.2386154835549,56.0999984741211,31.4029539397534,6531522,12.1610820803712,..,230.65,89147341400000,1659839.98218528,86054308832386,1602250.61337964,..,..,0.9993,..,..,..,..,..,0.865899980068207,0.238960962959708,69.421,1.45248102186842,16423490,30.579
Namibia,NAM,2.97374558175127,42.2999992370605,33.0048468827531,..,..,..,156.31,145436582200,59404.1806102714,140690273192.103,57465.5308340441,..,..,1.954,..,..,..,..,..,19.8770008087158,-0.152171660667903,49.968,3.95629680059715,1224911,50.032
Nauru,NRU,635.2,..,..,..,..,..,0,87000000,6848.23677581864,..,..,..,..,7.6636,..,..,..,..,..,..,..,0,-1.34482089317818,12704,100
Nepal,NPL,195.939107080572,49.2999992370605,23.9827030021935,1329732,4.73418579856052,..,792.11,887816657493.879,31608.5422598914,895104785423.503,31868.0182425896,..,..,3.1084,..,..,..,..,..,..,1.15187900099682,80.26,3.72181839256581,5544546,19.74
Netherlands,NLD,511.475927574948,..,7.17839968289677,2139470,12.4159510444285,2.16374,30457.33,744505272100,43205.7519418947,751878778247.516,43633.6574107882,..,..,..,..,..,..,..,..,3.83049988746643,-4.15513738307559,8.51000000000001,1.03637503912155,15765213,91.49
New Caledonia,NCL,15.5393873085339,..,..,..,..,..,..,..,..,..,..,..,..,..,..,..,..,..,..,..,-0.130801326662067,29.317,1.92038485260425,200782,70.683
New Zealand,NZL,18.3851733697923,..,37.1630855237325,1556875,32.1601941747573,..,7888.75,282428928400,58341.0304482545,272389020891.261,56267.0978911921,..,..,12.4482,..,..,..,..,..,4.29930019378662,0.444291046646144,13.462,1.0609382798863,4189305,86.538
Nicaragua,NIC,53.7270483629716,42.2000007629395,27.6953697762113,1047923,16.2078863657068,..,43.67,178780000000,27651.3248059357,174230832165.581,26947.719719314,..,..,1.5334,..,..,..,..,..,5.19999980926514,0.719160080024976,41.478,1.63714154226712,3783748,58.522
Niger,NER,17.7176505881424,58.7999992370605,32.9272209674103,1213781,5.40829573726232,..,55.18,6786255000000,302378.056572604,6684290815420.59,297834.794939621,..,..,..,..,..,..,..,..,..,3.72716984863251,83.575,4.27453510164545,3686254,16.425
Nigeria,NGA,215.064988965381,53.9000015258789,13.6530372484442,32346402,16.5138200055811,..,5602.28,70536348621700,360109.469049965,67905838781719.5,346679.917899161,..,..,1.1792,..,..,26.7,13.2,35.1,..,0.938766216286582,49.656,4.2388468031755,98611179,50.344
North America,NAC,19.9446030981652,..,8.33144478491104,..,46.2859489145901,2.73956861431335,482867.06854002,..,..,..,..,..,..,14.0789317328325,..,..,..,..,..,4.1074707275199,-0.411729986720459,17.826954516011,0.838061719332956,298953088,82.173045483989
North Macedonia,MKD,82.5915146708961,8.30000019073486,48.3878261805863,..,..,0.36398,493.05,451982000000,216990.453000012,431999083347.011,207396.924636508,..,..,..,..,..,..,..,..,20.7355995178223,-0.46396763452008,42.037,0.417819582823749,1207345,57.963
Northern Mariana Islands,MNP,123.65652173913,..,..,..,..,..,..,1066000000,18740.5506135509,..,..,..,..,..,..,..,..,..,..,..,-0.481222813793641,8.38200000000001,0.660347974014229,52114,91.618
Norway,NOR,14.5482916341657,0.00100000004749745,23.168636821933,1012225,19.0557418453153,2.06985,11802.78,3259053000000,613536.245678584,3394294655208.5,638996.297232203,..,..,18.2248,..,..,..,..,..,3.79970002174377,-1.44146127805268,17.752,1.11953281162056,4368945,82.248
Not classified,INX,..,..,..,..,..,..,..,..,..,..,..,..,..,..,..,..,..,..,..,..,..,..,..,..,..
OECD members,OED,38.0102885902071,..,18.0370041022467,..,37.3338361541918,2.57831080473919,1422262.79,..,..,..,..,..,..,9.63747194698031,..,..,..,..,..,5.44139177017201,-0.459627570536867,19.4010716837373,0.830724861027178,1090208112,80.5989283162627
Oman,OMN,15.6041453957997,..,35.430686365254,1446563,29.9527506360412,0.21961,856.43,29333500000,6073.83854545093,27497302414.1105,5693.63271681678,..,..,4.1965,..,..,..,..,..,1.79999995231628,-2.69463497024104,15.461,4.60993724709811,4082797,84.539
Other small states,OSS,15.1392178420061,..,..,..,..,0.702124579000958,6978.41384848077,..,..,..,..,..,..,3.77492248538867,..,..,..,..,..,..,0.714866602977366,37.8814565122456,2.84568850496383,19107792,62.1185434877544
Pacific island small states,PSS,38.2767445482866,..,..,..,..,..,189.45349153955,..,..,..,..,..,..,2.7975601379037,..,..,..,..,..,..,1.04262028619499,61.2186558820884,2.1171380168681,952999,38.7813441179116
Pakistan,PAK,275.289318700706,40.0999984741211,19.7918930572625,42595519,20.0718671999811,..,12904.31,13133003000000,61885.3575074301,13824507746887.8,65143.8672693813,..,..,0.6683,..,..,..,..,..,4.08319997787476,1.70282304995497,63.334,2.66867436174866,77810763,36.666
Palau,PLW,38.9282608695652,..,..,..,..,..,6.51,277318200,15486.5806667784,292477765.973762,16333.1527321026,..,..,7.2626,..,..,..,..,..,..,-2.22873443034327,20.07,1.26557268160659,14313,79.93
Panama,PAN,56.1860774818402,22.1000003814697,63.0627636248687,1783490,42.6991675351393,..,172.88,41804300000,10008.5159400346,..,..,..,..,3.0741,..,..,37.1,22.3,49.2,3.89409995079041,0.632877022351568,32.291,2.20194448885616,2828119,67.709
Papua New Guinea,PNG,19.0043633794109,..,32.3692434747469,..,..,..,64.12,63444058343.7526,7371.80209787238,..,..,..,..,0.4548,..,..,..,..,..,..,1.89763126483708,86.831,2.48481128452507,1133366,13.169
Paraguay,PRY,17.5083589227284,17.1000003814697,75.2165552104906,3222199,46.3221120083449,..,97.98,209627759398300,30135943.0342646,202641498557259,29131602.9634055,..,..,1.6604,..,..,35.9,18.6,46.2,6.2172999382019,0.548697295066663,38.415,1.751686209917,4283896,61.585
Peru,PER,24.99160625,33.0999984741211,41.6927261076316,10390607,32.4815525562708,0.12704,1629.88,534665000000,16713.8929395545,507920348883.504,15877.8418880234,..,..,2.4398,..,..,32.1,19.4,42.8,3.10689997673035,0.87538730029542,22.093,1.95856462555465,24921870,77.907
Philippines,PHL,357.688305329175,42.9000015258789,26.9502658922642,15227448,14.2777061251648,..,2237.34,18265190258161.7,171259.832130936,20212348916169.1,189516.968256503,..,..,4.9351,..,..,..,..,..,2.33839988708496,0.973244952644575,53.093,1.87696104447929,50027217,46.907
Poland,POL,124.023482151605,0.00999999977648258,7.75116275245951,1767798,4.65519325341181,1.21228,35662.64,1911419000000,50333.9455822619,1831623467400.5,48232.666901046,..,..,6.8926,..,..,..,..,..,3.84549999237061,0.11754101204152,39.942,-0.0784280352345459,22806875,60.058
Portugal,PRT,112.2619412173,3.59999990463257,43.6510008748643,4234250,41.1738942972759,1.36552,14294.56,194775785500,18940.0191387988,189966770146.836,18472.3899486821,..,..,..,..,..,..,..,..,6.99340009689331,-1.75415509659692,34.789,0.700805447488415,6706183,65.211
Post-demographic dividend,PST,35.2498297631402,..,17.4880493360888,..,37.0123677654851,2.63905548323954,1336298.34969713,..,..,..,..,..,..,11.2187920940351,..,..,..,..,..,5.30727646677905,-0.630298299812154,18.7201466574153,0.556136230304617,901752404,81.2798533425847
Pre-demographic dividend,PRE,51.6874400219725,57.1023300244109,28.5312613286737,..,16.0692552981875,..,18167.72,..,..,..,..,..,..,0.851468784494349,..,..,..,..,..,..,1.84538352357575,58.7730484857523,4.17173486318686,379075795,41.2269515142477
Puerto Rico,PRI,360.017361894025,..,82.1321785095558,2454337,76.8576549922119,..,515.42,9438700000,2955.73243680469,4476585574.40103,1401.84444768761,..,..,..,..,..,..,..,..,9.19999980926514,-3.90843573217435,6.422,-4.05798859157931,2988277,93.578
Qatar,QAT,239.593195521103,..,25.1439377868194,..,..,0.50729,1502.58,820937000000,295123.049872433,..,..,..,..,7.2628,..,..,..,..,..,0.109999999403954,-4.31101236537286,0.864999999999995,2.12618209810078,2757615,99.135
Romania,ROU,84.633801286509,12.1000003814697,17.3220850450104,1821380,9.35357961684002,0.5051,10345.01,447652500000,22988.905661792,438281008266.376,22507.6387429777,..,..,..,..,..,..,..,..,4.18690013885498,-0.722220921470095,46.002,-0.472652218056084,10514785,53.998
Russian Federation,RUS,8.82206795315588,..,11.5397337041897,33506382,23.1913609462377,0.98988,81579.36,89390425366249.9,608799.800432915,86967348110823.7,592297.261783021,..,..,..,..,..,29.9,10.8,37.5,4.84590005874634,-0.563045379936593,25.567,0.176545372635485,107539206,74.433
Rwanda,RWA,498.659870287799,42.0999984741211,49.9618615709632,1057836,8.59893712690333,..,169.52,8353603000000,679047.668826841,8083075577462.76,657057.036086975,..,..,1.2044,..,..,..,..,..,15.1133003234863,2.54017689109964,82.789,3.14497754970116,2117287,17.211
Samoa,WSM,69.3038869257951,..,..,..,..,..,11.05,1973464000,10062.0200887167,..,..,..,..,2.4885,..,..,..,..,..,..,0.653204514903369,81.757,-0.740682249004035,35780,18.243
San Marino,SMR,563.083333333333,..,..,..,..,..,10.81,1208000000,35755.5128015391,..,..,..,..,..,..,..,..,..,..,..,-5.09730723642133,2.774,0.497460321188486,32848,97.226
Sao Tome and Principe,STP,219.820833333333,85.6999969482422,..,..,..,..,0.73,4185796800,19835.2673578862,..,..,..,..,1.9242,..,..,..,..,..,..,-1.1399589855026,27.197,3.03783523527372,153635,72.803
Saudi Arabia,SAU,15.6766543082956,16.2000007629395,24.4434653586729,15933494,47.2804719841251,..,10897.88,2631091082700,78074.0421550218,2652675534014.73,78714.5313318957,..,..,5.4763,..,..,..,..,..,6.03999996185303,0.434125406939026,16.156,2.06400437868026,28255384,83.844
Senegal,SEN,82.3474783150678,29.5,39.807845239034,2978419,18.7861194018554,..,388.32,12635155492700,796951.469040693,12298934666338,775744.632160365,..,..,..,..,..,..,..,..,..,1.92964185261072,52.808,3.74433871194062,7481990,47.192
Serbia,SRB,79.8376857992225,3.59999990463257,35.4726526177004,1389351,19.8973191090315,0.92132,4523.42,3737370700000,535240.248480366,3545250141300.09,507726.077735482,..,..,..,..,..,..,..,..,12.7327003479004,-0.887397829904746,43.908,-0.278572237020969,3916682,56.092
Seychelles,SYC,210.352173913043,..,..,..,..,..,9.53,9135842018.50093,94415.5972230931,..,..,..,..,..,..,..,..,..,..,3.5278000831604,-0.0334017276570122,43.309,1.71547823651628,54855,56.691
Sierra Leone,SLE,105.987170961485,59.0999984741211,35.3078322255625,1135949,14.8487076207878,..,40.72,9699136000000,1267835.39259471,..,..,..,..,..,..,..,29.4,7.5,35.7,..,1.41615351627047,57.945,3.13795496287595,3217272,42.055
Singapore,SGP,7952.9984184018,..,100,5791901,100,..,11458.63,471819600000,83675.6004423734,424085557672.942,75210.1304761867,..,..,..,..,..,..,..,..,..,..,0,0.469704298714121,5638676,100
Sint Maarten (Dutch part),SXM,..,..,..,..,..,..,..,..,..,..,..,..,..,..,..,..,..,..,..,..,..,0,0.196976475763249,40654,100
Slovak Republic,SVK,113.285586522463,..,14.6914294071896,..,..,0.83252,5321.6,87203667000,16010.15849574,..,..,..,..,..,..,..,..,..,..,6.53630018234253,0.192572421584872,46.274,0.0919662271864974,2926332,53.726
Slovenia,SVN,102.96366052404,3.70000004768372,..,..,..,1.94221,3206.15,43731757500,21086.7852937518,43041447797.3801,20753.928502315,..,..,..,..,..,..,..,..,5.10780000686646,-0.225251569546442,45.459,0.855189455705699,1131123,54.541
Small states,SST,16.2249514526964,..,..,..,..,..,7736.44529909576,..,..,..,..,..,..,3.45388854228661,..,..,..,..,..,..,0.65128820711125,41.2750906399542,2.50489993262566,23828533,58.7249093600458
Solomon Islands,SLB,23.324687388353,..,..,..,..,..,13.2,5260630100,8057.84734199474,..,..,..,..,2.1642,..,..,..,..,..,..,2.00485339758344,76.251,4.57865593914816,155047,23.749
Somalia,SOM,23.9234769024771,72.0999984741211,30.8419948270321,2081624,13.8699536265419,..,9.74,..,..,..,..,..,..,..,..,..,..,..,..,..,1.7832951796437,55.029,4.12987489711823,6749317,44.971
South Africa,ZAF,47.6301197767684,25.6000003814697,14.3089032487188,20400727,35.3078235783543,..,13008.74,3144539000000,54422.9763219981,3043075756284.58,52666.9377706309,..,..,..,..,..,..,..,..,26.9062004089355,-0.132114649066146,33.645,2.12166554916762,38339668,66.355
South Asia,SAS,380.247133746081,37.6559683462932,11.267310447351,..,15.6916895927959,0.64998,154138.63,..,..,..,..,..,..,1.48273797878962,..,..,..,..,..,5.15593074461553,0.549864834842978,66.0076387543573,2.49335753001212,616753576,33.9923612456427
South Asia (IDA & IBRD),TSA,380.247133746081,37.6559683462932,11.267310447351,..,15.6916895927959,0.64998,154138.63,..,..,..,..,..,..,1.48273797878962,..,..,..,..,..,5.15593074461553,0.549864834842978,66.0076387543573,2.49335753001212,616753576,33.9923612456427
South Sudan,SSD,..,91.4000015258789,17.1354625586469,..,..,..,9.08,..,..,..,..,..,..,..,..,..,..,..,..,..,0.261352429201469,80.385,1.9763657853536,2152927,19.615
Spain,ESP,93.6771974435832,5.5,17.2849066510477,11991249,25.6235566347906,1.237,54536.59,1169218000000,24984.4896402507,1171826591838.03,25040.2314572196,..,..,..,..,..,..,..,..,15.2546997070313,-0.779238783350362,19.679,0.738481167271324,37588424,80.321
Sri Lanka,LKA,345.558922022006,..,14.9814836044917,..,..,..,1347.54,9668599736795.27,446174.422556311,9392235419856.78,433421.108438245,..,..,2.1803,..,..,..,..,..,4.31790018081665,0.935607743304758,81.524,1.5475740945304,4003749,18.476
St. Kitts and Nevis,KNA,201.696153846154,..,..,..,..,..,25.53,2070500000,39482.4660094201,..,..,..,..,..,..,..,..,..,..,..,0.754866644585508,69.224,0.765048048082071,16139,30.776
St. Lucia,LCA,298.17868852459,11.1999998092651,..,..,..,..,3.81,5577872300,30666.3531054654,..,..,..,..,..,..,..,..,..,..,19.2863006591797,0.433616766573413,81.322,0.869159376872302,33973,18.678
St. Martin (French part),MAF,..,..,..,..,..,..,..,..,..,..,..,..,..,..,..,..,..,..,..,..,..,..,..,..,..
St. Vincent and the Grenadines,VCT,282.589743589744,..,..,..,..,..,1.22,1816440000,16481.6259867526,..,..,..,..,7.0145,..,..,..,..,..,..,-0.513078929742349,47.802,1.14336909917966,57527,52.198
Sub-Saharan Africa,SSF,50.7620843086558,53.5995323652559,26.5124975213912,..,15.6233128257722,..,29479.1100079949,..,..,..,..,..,..,0.985744586023041,..,..,..,..,..,..,1.77548066757822,59.8231766270485,4.05914397581759,433229303,40.1768233729515
Sub-Saharan Africa (IDA & IBRD countries),TSS,50.7620843086558,53.5995323652559,26.5124975213912,..,15.6233128257722,..,29479.1100079949,..,..,..,..,..,..,0.985744586023041,..,..,..,..,..,..,1.77548066757822,59.8231766270485,4.05914397581759,433229303,40.1768233729515
Sub-Saharan Africa (excluding high income),SSA,50.7039075235864,53.5995323652559,26.5124975213912,..,15.6233128257722,..,29342.6444884069,..,..,..,..,..,..,0.98201005609108,..,..,..,..,..,..,1.77753825745893,59.8253843499097,4.06456693803135,432658293,40.1746156500903
Sudan,SDN,..,88.4000015258789,38.2164366036418,5534079,13.238937911679,..,397.77,32492000000,777.292067255045,30386876200.6119,726.932100806253,..,..,..,..,..,..,..,..,..,1.97695890916922,65.358,3.18053908883544,14480887,34.642
Suriname,SUR,3.69225,5.90000009536743,..,..,..,..,17.38,9718000000,16871.7913995184,..,..,..,..,2.7569,..,..,..,..,..,..,0.902309667852881,33.94,0.987514314107012,380500,66.06
Sweden,SWE,24.9814981218237,0.00100000004749745,17.7935726248163,1582968,15.5570978654601,3.33937,20420.56,4547336000000,446903.229750254,4625790817001.2,454613.614711317,..,..,..,..,..,..,..,..,6.3649001121521,-1.08052409501122,12.569,1.48815067487379,8896291,87.431
Switzerland,CHE,215.465350480429,..,21.8161611721448,1370779,16.0996715067036,..,21378.56,696139790100,81760.9690793015,..,..,..,..,..,..,..,..,..,..,4.7133002281189,0.599369518022587,26.203,0.785417652319277,6283319,73.797
Syrian Arab Republic,SYR,92.0671077710614,37.9000015258789,25.3314456248326,5368378,31.7537450425975,..,274.65,..,..,..,..,..,..,..,..,..,..,..,..,..,-2.38590346930841,45.838,0.277775495777377,9156781,54.162
Tajikistan,TJK,65.5727141724908,26,35.3383647421805,..,..,0.09703,62.4,6755737100,742.320415144233,..,..,..,..,..,..,..,..,..,..,..,2.24508328261513,72.866,3.01521456211187,2469421,27.134
Tanzania,TZA,63.5790787988259,40.0999984741211,31.7925190640248,7050867,12.5196623310045,..,602.71,113532897033400,2076815.49997266,..,..,..,..,..,..,..,..,..,..,..,1.89584245903373,66.224,5.14548786390949,19022085,33.776
Thailand,THA,135.897206835131,23.7000007629395,29.2867702400653,13924038,20.0552124657007,..,12513.75,10673744000000,153737.158520034,10146824170655.1,146147.773077462,..,..,2.7593,..,..,28.2,11.3,36.4,0.765500009059906,-1.16993772494843,50.051,1.82633349063983,34678853,49.949
Timor-Leste,TLS,85.270477471419,33.4000015258789,..,..,..,..,13.92,1578139656.63482,1244.61711822881,2254911770.86384,1778.36085565284,..,..,1.668,..,..,..,..,..,..,1.44232801992384,69.422,3.17214092895255,387720,30.578
Togo,TGO,145.046773303916,54.2999992370605,53.0635792468487,1745744,22.1285739528519,..,86.06,2312173000000,293084.731909646,2321161866717.96,294224.136094456,..,..,0.4102,..,..,..,..,..,..,1.52388587686682,58.298,3.74927250235742,3289910,41.702
Tonga,TON,143.329166666667,..,..,..,..,..,4.82,853937100,8274.82484955958,..,..,..,..,4.157,..,..,..,..,..,3.06859993934631,1.21883900604143,76.869,1.00207145617146,23870,23.131
Trinidad and Tobago,TTO,270.927485380117,5.40000009536743,73.6512793872145,..,..,..,211.21,156010700000,112249.380872003,..,..,..,..,4.0934,..,..,..,..,..,..,0.462125115375285,46.816,0.377615186799853,739182,53.184
Tunisia,TUN,74.4413233779609,8.19999980926514,28.729411823724,2290777,19.807493235744,0.59997,5564.86,72978000000,6310.13512602112,..,..,..,..,..,..,..,..,..,..,15.4586000442505,0.174867288274544,31.055,1.58627763614229,7973630,68.945
Turkey,TUR,106.960128893104,8.60000038146973,23.8463704730436,30339219,36.8553458706931,..,33535.8,1742022927000,21161.6711324251,1715828915286.4,20843.4726443738,..,..,..,..,..,32.6,15.6,41.9,10.8901996612549,-0.497153955467154,24.857,2.15672688777234,61857510,75.143
Turkmenistan,TKM,12.4505947694337,..,26.8392686951391,..,..,..,3.69,57964688500,9906.95606562263,..,..,..,..,..,..,..,..,..,..,..,0.7015461662428,48.407,2.46291758371658,3018659,51.593
Turks and Caicos Islands,TCA,39.6473684210526,..,..,..,..,..,..,939971536.318184,24956.1007916682,..,..,..,..,..,..,..,..,..,..,..,-2.50677767290806,6.902,1.77235125267118,35065,93.098
Tuvalu,TUV,383.6,..,..,..,..,..,1.48,41000000,3562.73896419882,..,..,..,..,4.2609,..,..,..,..,..,..,-1.03413537947326,37.613,2.58215404379904,7179,62.387
Uganda,UGA,213.061734490325,48.2999992370605,29.4019129075429,2986352,6.99001072931462,..,673.07,115197413128600,2696370.53421098,111921216037943,2619686.16205712,..,..,1.2382,..,..,..,..,..,..,2.96597526745715,76.226,6.18266030087073,10156999,23.774
Ukraine,UKR,77.0296708039151,19,9.55421642481087,5403788,12.1100023983407,0.47134,10379.89,2527423000000,59792.6387258686,2595084081162.36,61393.3342096649,..,..,..,..,..,22,5,26.1,8.79940032958984,-0.811692035171467,30.648,-0.313465038476151,30946609,69.352
United Arab Emirates,ARE,135.609110109828,..,33.4262581877277,5775924,59.9724700312814,1.30316,3144.89,1461737003117.41,151774.813195385,1466546381648.7,152274.179720701,..,..,5.7271,..,..,..,..,..,..,-0.508618742246727,13.478,1.82107565694154,8332898,86.522
United Kingdom,GBR,274.708981936924,..,16.3215591907697,17831615,26.8304584761102,1.72412,97680.9,2017318670600,30353.7199656986,1990170108209.63,29945.2273104339,..,..,8.1723,..,..,..,..,..,3.99589991569519,-0.918358004456041,16.602,0.912161082441796,55426598,83.398
United States,USA,35.7136220923495,..,7.00333284743736,151340879,46.3258859113805,2.83766,422807.71,19468792890719.4,59594.5447289071,19723874504174.9,60375.3570118218,..,..,..,..,..,..,..,..,3.89560008049011,-0.587352502453019,17.744,0.763339371824656,268720071,82.256
Upper middle income,UMC,49.3167042229663,23.7056907712296,11.9005320690176,..,28.3610518305032,1.7264847853465,893168.998788705,..,..,..,..,..,..,3.51439009498896,..,..,..,..,..,5.44102118883192,-1.5695878766364,34.4264596967038,1.94520262399168,1859596588,65.5735403032962
Uruguay,URY,19.7080276539824,..,52.822429451808,1736989,50.3577393551559,..,852.23,710585122200,206008.560637973,659140949575.983,191094.175824126,..,..,..,..,..,29.7,16.9,39.7,8.33580017089844,-1.62701414829778,4.666,0.46615015300963,3288355,95.334
Uzbekistan,UZB,77.4708509637988,52.2000007629395,14.8114402984447,2463969,7.47651876283905,0.12976,353.91,124073925234595,3764824.27333923,..,..,..,..,..,..,..,..,..,..,9.30000019073486,1.8824811929699,49.522,1.59445249215377,16635580,50.478
Vanuatu,VUT,24.0098441345365,..,..,..,..,..,6.45,68303000000,233370.917042504,..,..,..,..,1.4247,..,..,..,..,..,..,2.33187784896183,74.726,2.92034606351093,73972,25.274
"Venezuela, RB",VEN,32.7307919052208,44.0999984741211,11.523523568177,9339955,32.3515480238357,..,639.03,..,..,..,..,..,..,0.9416,..,..,..,..,..,..,-1.99767077181746,11.792,-1.75751576829078,25465822,88.208
Vietnam,VNM,308.125245912213,13.8000001907349,23.7355376264594,16156245,16.9103812057717,..,4286.48,3.493399E+15,36564627.9775167,3.22995698155611E+15,33807239.1427324,..,..,..,..,..,27.5,14,35.7,1.16079998016357,-0.102987884327319,64.081,2.97782069720955,34317154,35.919
Virgin Islands (U.S.),VIR,305.648571428571,..,..,..,..,..,..,..,..,..,..,..,..,..,..,..,..,..,..,..,-2.99107827717497,4.279,-0.148328887893162,102399,95.721
West Bank and Gaza,PSE,758.984551495017,..,19.3574193555803,..,..,..,375.95,13810300000,3022.55133246533,16028116041.4957,3507.9472204175,..,..,..,..,..,..,..,..,26.2560997009277,1.40670467907508,23.836,2.88811868523477,3479999,76.164
World,WLD,59.6178807531312,29.2445561511366,16.1122287366912,..,24.0100202823131,2.27364007357421,2554373.36151358,..,..,..,..,..,..,3.81583566508837,..,..,..,..,..,5.27310215036596,0.102531862340484,44.7295739607251,1.92878651799617,4195079805,55.2704260392749
"Yemen, Rep.",YEM,53.9778529083092,66.1999969482422,26.6154649528479,2779317,9.75243877024931,..,137.44,227584000000,7985.77141466202,..,..,..,..,0.7852,..,..,..,..,..,..,1.37383409848097,63.358,4.08020880658667,10442489,36.642
Zambia,ZMB,23.3414789007116,54.5999984741211,33.4209340801511,2523844,14.5451238492419,..,213.07,139688155300,8050.34510496938,..,..,..,..,1.3376,..,..,..,..,..,12.006199836731,1.95247167129333,56.479,4.17297037539389,7551686,43.521
Zimbabwe,ZWE,37.3245909267158,33.5,32.5763444910973,1515016,10.4925141031059,..,359.33,20114560000,1393.0698057167,18733610172.538,1297.42965709566,..,..,1.9346,..,..,..,..,..,..,1.45209278046374,67.791,1.32389222924462,4650663,32.209
